Workbook

Sheet Accueil RNCP
B6: Grille d'évaluation
B9: Présentation de la grille d'évaluation
B10: Cette grille d'évaluation a pour but de vous aider dans votre notation. Elle est utilisée pour les évaluations dites "validante de blocs". Pour info : Les cellules en bleu et jaune sont vérouillées pour éviter les erreurs de saisies.
B15: Configuration
B16: Afin de faliciliter la notation par critères (liés au titre RNCP), vous devez appliquer un coefficient par modalité (colonne E ci-dessous). Vous pouvez ensuite modifier les critères de 1 à 5 dans la feuille "Grille d'évaluation" pour que cette grille d'évaluation soit en adéquation parfaite avec votre matière. La configuration est maintenant terminée, vous pouvez maintenant appliquer les notes à vos groupes en indiquant les étudiants membres de celui-ci.
B25: BLOC RNCP | D25: 5
B26: Matière | D26: Introduction aux traitements distribués
B27: Jury
B28: Formateur
B30: Modalité | C30: Critère | D30: Description | E30: Coeff. | F30: %
B31: 1 | C31: 1 | D31: Le candidat automatise la mise en place de l'architecture. | E31: 2 | F31: =IF(E31<>"",E31/SUM(E$31:E$42),"") -> 0.25
B32: 1 | C32: 2 | D32: Le candidat produit les tests de sécurité adaptés à l'application et documente les anomalies identifiées. | E32: 2 | F32: =IF(E32<>"",E32/SUM(E$31:E$42),"") -> 0.25
B33: 1 | C33: 3 | D33: Le candidat préconise les outils de protection adaptés aux risques identifiés. | E33: 2 | F33: =IF(E33<>"",E33/SUM(E$31:E$42),"") -> 0.25
B34: 1 | C34: 4 | D34: Le candidat produit les documentations techniques et d'usages nécessaires au développement ultérieur de la solution. | E34: 1 | F34: =IF(E34<>"",E34/SUM(E$31:E$42),"") -> 0.125
B35: 1 | C35: 5 | D35: Le candidat définit un protocole de validation et élabore le cahier de recette. | E35: 1 | F35: =IF(E35<>"",E35/SUM(E$31:E$42),"") -> 0.125
F36: =IF(E36<>"",E36/SUM(E$31:E$42),"")
F37: =IF(E37<>"",E37/SUM(E$31:E$42),"")
F38: =IF(E38<>"",E38/SUM(E$31:E$42),"")
F39: =IF(E39<>"",E39/SUM(E$31:E$42),"")
F40: =IF(E40<>"",E40/SUM(E$31:E$42),"")
F41: =IF(E41<>"",E41/SUM(E$31:E$42),"")
F42: =IF(E42<>"",E42/SUM(E$31:E$42),"")

Sheet Grille d'évaluation
A1: Groupe | B1: Étudiants | C1: Notes de groupe | N1: Notes individuelles | R1: Total | S1: Avis formateur | T1: Points forts | U1: Points faibles | W1: Note individuelle | X1: =IF(ISBLANK('Accueil RNCP'!D31),"N.C.",_xlfn.CONCAT("Critère ",'Accueil RNCP'!$B$31,".",'Accueil RNCP'!$C$31)) -> Critère 1.1 | Y1: =IF(ISBLANK('Accueil RNCP'!D32),"N.C.",_xlfn.CONCAT("Critère ",'Accueil RNCP'!$B$32,".",'Accueil RNCP'!$C$32)) -> Critère 1.2 | Z1: =IF(ISBLANK('Accueil RNCP'!D33),"N.C.",_xlfn.CONCAT("Critère ",'Accueil RNCP'!$B$33,".",'Accueil RNCP'!$C$33)) -> Critère 1.3 | AA1: =IF(ISBLANK('Accueil RNCP'!D34),"N.C.",_xlfn.CONCAT("Critère ",'Accueil RNCP'!$B$34,".",'Accueil RNCP'!$C$34)) -> Critère 1.4 | AB1: =IF(ISBLANK('Accueil RNCP'!D35),"N.C.",_xlfn.CONCAT("Critère ",'Accueil RNCP'!$B$35,".",'Accueil RNCP'!$C$35)) -> Critère 1.5 | AC1: =IF(ISBLANK('Accueil RNCP'!D36),"N.C.",_xlfn.CONCAT("Critère ",'Accueil RNCP'!$B$36,".",'Accueil RNCP'!$C$36)) -> N.C. | AD1: =IF(ISBLANK('Accueil RNCP'!D37),"N.C.",_xlfn.CONCAT("Critère ",'Accueil RNCP'!$B$37,".",'Accueil RNCP'!$C$37)) -> N.C. | AE1: =IF(ISBLANK('Accueil RNCP'!D38),"N.C.",_xlfn.CONCAT("Critère ",'Accueil RNCP'!$B$38,".",'Accueil RNCP'!$C$38)) -> N.C. | AF1: =IF(ISBLANK('Accueil RNCP'!D39),"N.C.",_xlfn.CONCAT("Critère ",'Accueil RNCP'!$B$39,".",'Accueil RNCP'!$C$39)) -> N.C. | AG1: =IF(ISBLANK('Accueil RNCP'!D40),"N.C.",_xlfn.CONCAT("Critère ",'Accueil RNCP'!$B$40,".",'Accueil RNCP'!$C$40)) -> N.C. | AH1: =IF(ISBLANK('Accueil RNCP'!D41),"N.C.",_xlfn.CONCAT("Critère ",'Accueil RNCP'!$B$41,".",'Accueil RNCP'!$C$41)) -> N.C. | AI1: =IF(ISBLANK('Accueil RNCP'!D42),"N.C.",_xlfn.CONCAT("Critère ",'Accueil RNCP'!$B$42,".",'Accueil RNCP'!$C$42)) -> N.C. | AJ1: Moy. | AN1: =W1 -> Note individuelle | AO1: =X1 -> Critère 1.1 | AP1: =Y1 -> Critère 1.2 | AQ1: =Z1 -> Critère 1.3 | AR1: =AA1 -> Critère 1.4 | AS1: =AB1 -> Critère 1.5 | AT1: =AC1 -> N.C. | AU1: =AD1 -> N.C. | ... BA1: =AJ1 -> Moy.
C2: Niveau d’expertise & Défi technique | D2: Qualité de la soutenance Visuels, textes, gestion globale du temps | E2: Cohésion du groupe Organisation du temps de parole, homogénéité | F2: Critères matière | N2: Complexité et réalisation de la tâche allouée | O2: Contribution à la soutenance Clareté, expression, apport au groupe | P2: Interaction avec le jury Réponses et explications | Q2: Bonus / Malus Exploit, malhonnêteté, absence
F3: Algorithmes | G3: Enjeux de sécurité | H3: Mise en production | I3: Adéquation avec le cas | X3: =IF('Accueil RNCP'!E31<>"",'Accueil RNCP'!E31/SUM('Accueil RNCP'!E$31:E$42),"") -> 0.25 | Y3: =IF('Accueil RNCP'!E32<>"",'Accueil RNCP'!E32/SUM('Accueil RNCP'!E$31:E$42),"") -> 0.25 | Z3: =IF('Accueil RNCP'!E33<>"",'Accueil RNCP'!E33/SUM('Accueil RNCP'!E$31:E$42),"") -> 0.25 | AA3: =IF('Accueil RNCP'!E34<>"",'Accueil RNCP'!E34/SUM('Accueil RNCP'!E$31:E$42),"") -> 0.125 | AB3: =IF('Accueil RNCP'!E35<>"",'Accueil RNCP'!E35/SUM('Accueil RNCP'!E$31:E$42),"") -> 0.125 | AC3: =IF('Accueil RNCP'!E36<>"",'Accueil RNCP'!E36/SUM('Accueil RNCP'!E$31:E$42),"") | AD3: =IF('Accueil RNCP'!E37<>"",'Accueil RNCP'!E37/SUM('Accueil RNCP'!E$31:E$42),"") | AE3: =IF('Accueil RNCP'!E38<>"",'Accueil RNCP'!E38/SUM('Accueil RNCP'!E$31:E$42),"") | AF3: =IF('Accueil RNCP'!E39<>"",'Accueil RNCP'!E39/SUM('Accueil RNCP'!E$31:E$42),"") | AG3: =IF('Accueil RNCP'!E40<>"",'Accueil RNCP'!E40/SUM('Accueil RNCP'!E$31:E$42),"") | AH3: =IF('Accueil RNCP'!E41<>"",'Accueil RNCP'!E41/SUM('Accueil RNCP'!E$31:E$42),"") | AI3: =IF('Accueil RNCP'!E42<>"",'Accueil RNCP'!E42/SUM('Accueil RNCP'!E$31:E$42),"") | AL3: MIN | AM3: MAX
C4: 4 | D4: 2 | E4: 1 | F4: 4 | G4: 4 | H4: 4 | I4: 4 | J4: 0 | K4: 0 | L4: 0 | M4: 0 | N4: 4 | O4: 1 | P4: 2
A5: 1 | R5: =ROUNDDOWN(2*(SUMPRODUCT(C$4:P$4,C5:P5)/SUM(C$4:P$4)*20+Q5),0)/2 -> 0 | W5: =IF(COUNT(C5:Q5)>0,ROUND(2*SUM(N5:Q5)/7*20,0)/2,"") | X5: =IF(AND(X$3<>"",$W5<>""),ROUND(2*($R5*(COUNT($X$3:$AI$3)+1)-$W5)*X$3,0)/2,"") | Y5: =IF(AND(Y$3<>"",$W5<>""),ROUND(2*($R5*(COUNT($X$3:$AI$3)+1)-$W5)*Y$3,0)/2,"") | Z5: =IF(AND(Z$3<>"",$W5<>""),ROUND(2*($R5*(COUNT($X$3:$AI$3)+1)-$W5)*Z$3,0)/2,"") | AA5: =IF(AND(AA$3<>"",$W5<>""),ROUND(2*($R5*(COUNT($X$3:$AI$3)+1)-$W5)*AA$3,0)/2,"") | AB5: =IF(AND(AB$3<>"",$W5<>""),ROUND(2*($R5*(COUNT($X$3:$AI$3)+1)-$W5)*AB$3,0)/2,"") | AC5: =IF(AND(AC$3<>"",$W5<>""),ROUND(2*($R5*(COUNT($X$3:$AI$3)+1)-$W5)*AC$3,0)/2,"") | AD5: =IF(AND(AD$3<>"",$W5<>""),ROUND(2*($R5*(COUNT($X$3:$AI$3)+1)-$W5)*AD$3,0)/2,"") | AE5: =IF(AND(AE$3<>"",$W5<>""),ROUND(2*($R5*(COUNT($X$3:$AI$3)+1)-$W5)*AE$3,0)/2,"") | ... AI5: =IF(AND(AI$3<>"",$W5<>""),ROUND(2*($R5*(COUNT($X$3:$AI$3)+1)-$W5)*AI$3,0)/2,"") | AJ5: =IF(COUNT(W5:AI5)>0,ROUND(2*AVERAGE(W5:AE5),0)/2,"") | AL5: =IF(R5<10,MAX(0,2*R5-10),MAX(10,2*R5-20)) -> 0 | AM5: =2*R5-AL5 -> 0 | AN5: =IF(W5<>"",MIN($AM5,MAX($AL5,IF($AJ5>0,0.5*ROUNDUP(2*((W5-MIN($W5:$AI5))/(MAX($W5:$AI5)-MIN($W5:$AI5))*($AM5-$AL5+IF(Q5>10,1,0))+$AL5),0),0))),"") | AO5: =IF(X5<>"",MIN($AM5,MAX($AL5,IF($AJ5>0,0.5*ROUNDUP(2*((X5-MIN($W5:$AI5))/(MAX($W5:$AI5)-MIN($W5:$AI5))*($AM5-$AL5+IF(R5>10,1,0))+$AL5),0),0))),"") | AP5: =IF(Y5<>"",MIN($AM5,MAX($AL5,IF($AJ5>0,0.5*ROUNDUP(2*((Y5-MIN($W5:$AI5))/(MAX($W5:$AI5)-MIN($W5:$AI5))*($AM5-$AL5+IF(S5>10,1,0))+$AL5),0),0))),"") | AQ5: =IF(Z5<>"",MIN($AM5,MAX($AL5,IF($AJ5>0,0.5*ROUNDUP(2*((Z5-MIN($W5:$AI5))/(MAX($W5:$AI5)-MIN($W5:$AI5))*($AM5-$AL5+IF(T5>10,1,0))+$AL5),0),0))),"") | AR5: =IF(AA5<>"",MIN($AM5,MAX($AL5,IF($AJ5>0,0.5*ROUNDUP(2*((AA5-MIN($W5:$AI5))/(MAX($W5:$AI5)-MIN($W5:$AI5))*($AM5-$AL5+IF(U5>10,1,0))+$AL5),0),0))),"") | AS5: =IF(AB5<>"",MIN($AM5,MAX($AL5,IF($AJ5>0,0.5*ROUNDUP(2*((AB5-MIN($W5:$AI5))/(MAX($W5:$AI5)-MIN($W5:$AI5))*($AM5-$AL5+IF(V5>10,1,0))+$AL5),0),0))),"") | AT5: =IF(AC5<>"",MIN($AM5,MAX($AL5,IF($AJ5>0,0.5*ROUNDUP(2*((AC5-MIN($W5:$AI5))/(MAX($W5:$AI5)-MIN($W5:$AI5))*($AM5-$AL5+IF(W5>10,1,0))+$AL5),0),0))),"") | AU5: =IF(AD5<>"",MIN($AM5,MAX($AL5,IF($AJ5>0,0.5*ROUNDUP(2*((AD5-MIN($W5:$AI5))/(MAX($W5:$AI5)-MIN($W5:$AI5))*($AM5-$AL5+IF(X5>10,1,0))+$AL5),0),0))),"") | ... AZ5: =IF(AI5<>"",MIN($AM5,MAX($AL5,IF($AJ5>0,0.5*ROUNDUP(2*((AI5-MIN($W5:$AI5))/(MAX($W5:$AI5)-MIN($W5:$AI5))*($AM5-$AL5+IF(AC5>10,1,0))+$AL5),0),0))),"") | BA5: =IF(ISNUMBER(AJ5),ROUND(2*AVERAGE(AN5:AZ5),0)/2,"")
R6: =ROUNDDOWN(2*(SUMPRODUCT(C$4:P$4,C6:P6)/SUM(C$4:P$4)*20+Q6),0)/2 -> 0 | W6: =IF(COUNT(D6:Q6)>0,ROUND(2*SUM(N6:Q6)/7*20,0)/2,"") | X6: =IF(AND(X$3<>"",$W6<>""),ROUND(2*($R6*(COUNT($X$3:$AI$3)+1)-$W6)*X$3,0)/2,"") | Y6: =IF(AND(Y$3<>"",$W6<>""),ROUND(2*($R6*(COUNT($X$3:$AI$3)+1)-$W6)*Y$3,0)/2,"") | Z6: =IF(AND(Z$3<>"",$W6<>""),ROUND(2*($R6*(COUNT($X$3:$AI$3)+1)-$W6)*Z$3,0)/2,"") | AA6: =IF(AND(AA$3<>"",$W6<>""),ROUND(2*($R6*(COUNT($X$3:$AI$3)+1)-$W6)*AA$3,0)/2,"") | AB6: =IF(AND(AB$3<>"",$W6<>""),ROUND(2*($R6*(COUNT($X$3:$AI$3)+1)-$W6)*AB$3,0)/2,"") | AC6: =IF(AND(AC$3<>"",$W6<>""),ROUND(2*($R6*(COUNT($X$3:$AI$3)+1)-$W6)*AC$3,0)/2,"") | AD6: =IF(AND(AD$3<>"",$W6<>""),ROUND(2*($R6*(COUNT($X$3:$AI$3)+1)-$W6)*AD$3,0)/2,"") | AE6: =IF(AND(AE$3<>"",$W6<>""),ROUND(2*($R6*(COUNT($X$3:$AI$3)+1)-$W6)*AE$3,0)/2,"") | ... AI6: =IF(AND(AI$3<>"",$W6<>""),ROUND(2*($R6*(COUNT($X$3:$AI$3)+1)-$W6)*AI$3,0)/2,"") | AJ6: =IF(COUNT(W6:AI6)>0,ROUND(2*AVERAGE(W6:AE6),0)/2,"") | AL6: =IF(R6<10,MAX(0,2*R6-10),MAX(10,2*R6-20)) -> 0 | AM6: =2*R6-AL6 -> 0 | AN6: =IF(W6<>"",MIN($AM6,MAX($AL6,IF($AJ6>0,0.5*ROUNDUP(2*((W6-MIN($W6:$AI6))/(MAX($W6:$AI6)-MIN($W6:$AI6))*($AM6-$AL6+IF(Q6>10,1,0))+$AL6),0),0))),"") | AO6: =IF(X6<>"",MIN($AM6,MAX($AL6,IF($AJ6>0,0.5*ROUNDUP(2*((X6-MIN($W6:$AI6))/(MAX($W6:$AI6)-MIN($W6:$AI6))*($AM6-$AL6+IF(R6>10,1,0))+$AL6),0),0))),"") | AP6: =IF(Y6<>"",MIN($AM6,MAX($AL6,IF($AJ6>0,0.5*ROUNDUP(2*((Y6-MIN($W6:$AI6))/(MAX($W6:$AI6)-MIN($W6:$AI6))*($AM6-$AL6+IF(S6>10,1,0))+$AL6),0),0))),"") | AQ6: =IF(Z6<>"",MIN($AM6,MAX($AL6,IF($AJ6>0,0.5*ROUNDUP(2*((Z6-MIN($W6:$AI6))/(MAX($W6:$AI6)-MIN($W6:$AI6))*($AM6-$AL6+IF(T6>10,1,0))+$AL6),0),0))),"") | AR6: =IF(AA6<>"",MIN($AM6,MAX($AL6,IF($AJ6>0,0.5*ROUNDUP(2*((AA6-MIN($W6:$AI6))/(MAX($W6:$AI6)-MIN($W6:$AI6))*($AM6-$AL6+IF(U6>10,1,0))+$AL6),0),0))),"") | AS6: =IF(AB6<>"",MIN($AM6,MAX($AL6,IF($AJ6>0,0.5*ROUNDUP(2*((AB6-MIN($W6:$AI6))/(MAX($W6:$AI6)-MIN($W6:$AI6))*($AM6-$AL6+IF(V6>10,1,0))+$AL6),0),0))),"") | AT6: =IF(AC6<>"",MIN($AM6,MAX($AL6,IF($AJ6>0,0.5*ROUNDUP(2*((AC6-MIN($W6:$AI6))/(MAX($W6:$AI6)-MIN($W6:$AI6))*($AM6-$AL6+IF(W6>10,1,0))+$AL6),0),0))),"") | AU6: =IF(AD6<>"",MIN($AM6,MAX($AL6,IF($AJ6>0,0.5*ROUNDUP(2*((AD6-MIN($W6:$AI6))/(MAX($W6:$AI6)-MIN($W6:$AI6))*($AM6-$AL6+IF(X6>10,1,0))+$AL6),0),0))),"") | ... AZ6: =IF(AI6<>"",MIN($AM6,MAX($AL6,IF($AJ6>0,0.5*ROUNDUP(2*((AI6-MIN($W6:$AI6))/(MAX($W6:$AI6)-MIN($W6:$AI6))*($AM6-$AL6+IF(AC6>10,1,0))+$AL6),0),0))),"") | BA6: =IF(ISNUMBER(AJ6),ROUND(2*AVERAGE(AN6:AZ6),0)/2,"")
R7: =ROUNDDOWN(2*(SUMPRODUCT(C$4:P$4,C7:P7)/SUM(C$4:P$4)*20+Q7),0)/2 -> 0 | W7: =IF(COUNT(D7:Q7)>0,ROUND(2*SUM(N7:Q7)/7*20,0)/2,"") | X7: =IF(AND(X$3<>"",$W7<>""),ROUND(2*($R7*(COUNT($X$3:$AI$3)+1)-$W7)*X$3,0)/2,"") | Y7: =IF(AND(Y$3<>"",$W7<>""),ROUND(2*($R7*(COUNT($X$3:$AI$3)+1)-$W7)*Y$3,0)/2,"") | Z7: =IF(AND(Z$3<>"",$W7<>""),ROUND(2*($R7*(COUNT($X$3:$AI$3)+1)-$W7)*Z$3,0)/2,"") | AA7: =IF(AND(AA$3<>"",$W7<>""),ROUND(2*($R7*(COUNT($X$3:$AI$3)+1)-$W7)*AA$3,0)/2,"") | AB7: =IF(AND(AB$3<>"",$W7<>""),ROUND(2*($R7*(COUNT($X$3:$AI$3)+1)-$W7)*AB$3,0)/2,"") | AC7: =IF(AND(AC$3<>"",$W7<>""),ROUND(2*($R7*(COUNT($X$3:$AI$3)+1)-$W7)*AC$3,0)/2,"") | AD7: =IF(AND(AD$3<>"",$W7<>""),ROUND(2*($R7*(COUNT($X$3:$AI$3)+1)-$W7)*AD$3,0)/2,"") | AE7: =IF(AND(AE$3<>"",$W7<>""),ROUND(2*($R7*(COUNT($X$3:$AI$3)+1)-$W7)*AE$3,0)/2,"") | ... AI7: =IF(AND(AI$3<>"",$W7<>""),ROUND(2*($R7*(COUNT($X$3:$AI$3)+1)-$W7)*AI$3,0)/2,"") | AJ7: =IF(COUNT(W7:AI7)>0,ROUND(2*AVERAGE(W7:AE7),0)/2,"") | AL7: =IF(R7<10,MAX(0,2*R7-10),MAX(10,2*R7-20)) -> 0 | AM7: =2*R7-AL7 -> 0 | AN7: =IF(W7<>"",MIN($AM7,MAX($AL7,IF($AJ7>0,0.5*ROUNDUP(2*((W7-MIN($W7:$AI7))/(MAX($W7:$AI7)-MIN($W7:$AI7))*($AM7-$AL7+IF(Q7>10,1,0))+$AL7),0),0))),"") | AO7: =IF(X7<>"",MIN($AM7,MAX($AL7,IF($AJ7>0,0.5*ROUNDUP(2*((X7-MIN($W7:$AI7))/(MAX($W7:$AI7)-MIN($W7:$AI7))*($AM7-$AL7+IF(R7>10,1,0))+$AL7),0),0))),"") | AP7: =IF(Y7<>"",MIN($AM7,MAX($AL7,IF($AJ7>0,0.5*ROUNDUP(2*((Y7-MIN($W7:$AI7))/(MAX($W7:$AI7)-MIN($W7:$AI7))*($AM7-$AL7+IF(S7>10,1,0))+$AL7),0),0))),"") | AQ7: =IF(Z7<>"",MIN($AM7,MAX($AL7,IF($AJ7>0,0.5*ROUNDUP(2*((Z7-MIN($W7:$AI7))/(MAX($W7:$AI7)-MIN($W7:$AI7))*($AM7-$AL7+IF(T7>10,1,0))+$AL7),0),0))),"") | AR7: =IF(AA7<>"",MIN($AM7,MAX($AL7,IF($AJ7>0,0.5*ROUNDUP(2*((AA7-MIN($W7:$AI7))/(MAX($W7:$AI7)-MIN($W7:$AI7))*($AM7-$AL7+IF(U7>10,1,0))+$AL7),0),0))),"") | AS7: =IF(AB7<>"",MIN($AM7,MAX($AL7,IF($AJ7>0,0.5*ROUNDUP(2*((AB7-MIN($W7:$AI7))/(MAX($W7:$AI7)-MIN($W7:$AI7))*($AM7-$AL7+IF(V7>10,1,0))+$AL7),0),0))),"") | AT7: =IF(AC7<>"",MIN($AM7,MAX($AL7,IF($AJ7>0,0.5*ROUNDUP(2*((AC7-MIN($W7:$AI7))/(MAX($W7:$AI7)-MIN($W7:$AI7))*($AM7-$AL7+IF(W7>10,1,0))+$AL7),0),0))),"") | AU7: =IF(AD7<>"",MIN($AM7,MAX($AL7,IF($AJ7>0,0.5*ROUNDUP(2*((AD7-MIN($W7:$AI7))/(MAX($W7:$AI7)-MIN($W7:$AI7))*($AM7-$AL7+IF(X7>10,1,0))+$AL7),0),0))),"") | ... AZ7: =IF(AI7<>"",MIN($AM7,MAX($AL7,IF($AJ7>0,0.5*ROUNDUP(2*((AI7-MIN($W7:$AI7))/(MAX($W7:$AI7)-MIN($W7:$AI7))*($AM7-$AL7+IF(AC7>10,1,0))+$AL7),0),0))),"") | BA7: =IF(ISNUMBER(AJ7),ROUND(2*AVERAGE(AN7:AZ7),0)/2,"")
R8: =ROUNDDOWN(2*(SUMPRODUCT(C$4:P$4,C8:P8)/SUM(C$4:P$4)*20+Q8),0)/2 -> 0 | AJ8: =IF(COUNT(W8:AI8)>0,ROUND(2*AVERAGE(W8:AE8),0)/2,"") | AN8: =IF(W8<>"",MIN($AM8,MAX($AL8,IF($AJ8>0,0.5*ROUNDUP(2*((W8-MIN($W8:$AI8))/(MAX($W8:$AI8)-MIN($W8:$AI8))*($AM8-$AL8+IF(Q8>10,1,0))+$AL8),0),0))),"") | AO8: =IF(X8<>"",MIN($AM8,MAX($AL8,IF($AJ8>0,0.5*ROUNDUP(2*((X8-MIN($W8:$AI8))/(MAX($W8:$AI8)-MIN($W8:$AI8))*($AM8-$AL8+IF(R8>10,1,0))+$AL8),0),0))),"") | AP8: =IF(Y8<>"",MIN($AM8,MAX($AL8,IF($AJ8>0,0.5*ROUNDUP(2*((Y8-MIN($W8:$AI8))/(MAX($W8:$AI8)-MIN($W8:$AI8))*($AM8-$AL8+IF(S8>10,1,0))+$AL8),0),0))),"") | AQ8: =IF(Z8<>"",MIN($AM8,MAX($AL8,IF($AJ8>0,0.5*ROUNDUP(2*((Z8-MIN($W8:$AI8))/(MAX($W8:$AI8)-MIN($W8:$AI8))*($AM8-$AL8+IF(T8>10,1,0))+$AL8),0),0))),"") | AR8: =IF(AA8<>"",MIN($AM8,MAX($AL8,IF($AJ8>0,0.5*ROUNDUP(2*((AA8-MIN($W8:$AI8))/(MAX($W8:$AI8)-MIN($W8:$AI8))*($AM8-$AL8+IF(U8>10,1,0))+$AL8),0),0))),"") | AS8: =IF(AB8<>"",MIN($AM8,MAX($AL8,IF($AJ8>0,0.5*ROUNDUP(2*((AB8-MIN($W8:$AI8))/(MAX($W8:$AI8)-MIN($W8:$AI8))*($AM8-$AL8+IF(V8>10,1,0))+$AL8),0),0))),"") | AT8: =IF(AC8<>"",MIN($AM8,MAX($AL8,IF($AJ8>0,0.5*ROUNDUP(2*((AC8-MIN($W8:$AI8))/(MAX($W8:$AI8)-MIN($W8:$AI8))*($AM8-$AL8+IF(W8>10,1,0))+$AL8),0),0))),"") | AU8: =IF(AD8<>"",MIN($AM8,MAX($AL8,IF($AJ8>0,0.5*ROUNDUP(2*((AD8-MIN($W8:$AI8))/(MAX($W8:$AI8)-MIN($W8:$AI8))*($AM8-$AL8+IF(X8>10,1,0))+$AL8),0),0))),"") | ... AZ8: =IF(AI8<>"",MIN($AM8,MAX($AL8,IF($AJ8>0,0.5*ROUNDUP(2*((AI8-MIN($W8:$AI8))/(MAX($W8:$AI8)-MIN($W8:$AI8))*($AM8-$AL8+IF(AC8>10,1,0))+$AL8),0),0))),"") | BA8: =IF(ISNUMBER(AJ8),ROUND(2*AVERAGE(AN8:AZ8),0)/2,"")
R9: =ROUNDDOWN(2*(SUMPRODUCT(C$4:P$4,C9:P9)/SUM(C$4:P$4)*20+Q9),0)/2 -> 0 | W9: =IF(COUNT(D9:Q9)>0,ROUND(2*SUM(N9:Q9)/7*20,0)/2,"") | X9: =IF(AND(X$3<>"",$W9<>""),ROUND(2*($R9*(COUNT($X$3:$AI$3)+1)-$W9)*X$3,0)/2,"") | Y9: =IF(AND(Y$3<>"",$W9<>""),ROUND(2*($R9*(COUNT($X$3:$AI$3)+1)-$W9)*Y$3,0)/2,"") | Z9: =IF(AND(Z$3<>"",$W9<>""),ROUND(2*($R9*(COUNT($X$3:$AI$3)+1)-$W9)*Z$3,0)/2,"") | AA9: =IF(AND(AA$3<>"",$W9<>""),ROUND(2*($R9*(COUNT($X$3:$AI$3)+1)-$W9)*AA$3,0)/2,"") | AB9: =IF(AND(AB$3<>"",$W9<>""),ROUND(2*($R9*(COUNT($X$3:$AI$3)+1)-$W9)*AB$3,0)/2,"") | AC9: =IF(AND(AC$3<>"",$W9<>""),ROUND(2*($R9*(COUNT($X$3:$AI$3)+1)-$W9)*AC$3,0)/2,"") | AD9: =IF(AND(AD$3<>"",$W9<>""),ROUND(2*($R9*(COUNT($X$3:$AI$3)+1)-$W9)*AD$3,0)/2,"") | AE9: =IF(AND(AE$3<>"",$W9<>""),ROUND(2*($R9*(COUNT($X$3:$AI$3)+1)-$W9)*AE$3,0)/2,"") | ... AI9: =IF(AND(AI$3<>"",$W9<>""),ROUND(2*($R9*(COUNT($X$3:$AI$3)+1)-$W9)*AI$3,0)/2,"") | AJ9: =IF(COUNT(W9:AI9)>0,ROUND(2*AVERAGE(W9:AE9),0)/2,"") | AL9: =IF(R9<10,MAX(0,2*R9-10),MAX(10,2*R9-20)) -> 0 | AM9: =2*R9-AL9 -> 0 | AN9: =IF(W9<>"",MIN($AM9,MAX($AL9,IF($AJ9>0,0.5*ROUNDUP(2*((W9-MIN($W9:$AI9))/(MAX($W9:$AI9)-MIN($W9:$AI9))*($AM9-$AL9+IF(Q9>10,1,0))+$AL9),0),0))),"") | AO9: =IF(X9<>"",MIN($AM9,MAX($AL9,IF($AJ9>0,0.5*ROUNDUP(2*((X9-MIN($W9:$AI9))/(MAX($W9:$AI9)-MIN($W9:$AI9))*($AM9-$AL9+IF(R9>10,1,0))+$AL9),0),0))),"") | AP9: =IF(Y9<>"",MIN($AM9,MAX($AL9,IF($AJ9>0,0.5*ROUNDUP(2*((Y9-MIN($W9:$AI9))/(MAX($W9:$AI9)-MIN($W9:$AI9))*($AM9-$AL9+IF(S9>10,1,0))+$AL9),0),0))),"") | AQ9: =IF(Z9<>"",MIN($AM9,MAX($AL9,IF($AJ9>0,0.5*ROUNDUP(2*((Z9-MIN($W9:$AI9))/(MAX($W9:$AI9)-MIN($W9:$AI9))*($AM9-$AL9+IF(T9>10,1,0))+$AL9),0),0))),"") | AR9: =IF(AA9<>"",MIN($AM9,MAX($AL9,IF($AJ9>0,0.5*ROUNDUP(2*((AA9-MIN($W9:$AI9))/(MAX($W9:$AI9)-MIN($W9:$AI9))*($AM9-$AL9+IF(U9>10,1,0))+$AL9),0),0))),"") | AS9: =IF(AB9<>"",MIN($AM9,MAX($AL9,IF($AJ9>0,0.5*ROUNDUP(2*((AB9-MIN($W9:$AI9))/(MAX($W9:$AI9)-MIN($W9:$AI9))*($AM9-$AL9+IF(V9>10,1,0))+$AL9),0),0))),"") | AT9: =IF(AC9<>"",MIN($AM9,MAX($AL9,IF($AJ9>0,0.5*ROUNDUP(2*((AC9-MIN($W9:$AI9))/(MAX($W9:$AI9)-MIN($W9:$AI9))*($AM9-$AL9+IF(W9>10,1,0))+$AL9),0),0))),"") | AU9: =IF(AD9<>"",MIN($AM9,MAX($AL9,IF($AJ9>0,0.5*ROUNDUP(2*((AD9-MIN($W9:$AI9))/(MAX($W9:$AI9)-MIN($W9:$AI9))*($AM9-$AL9+IF(X9>10,1,0))+$AL9),0),0))),"") | ... AZ9: =IF(AI9<>"",MIN($AM9,MAX($AL9,IF($AJ9>0,0.5*ROUNDUP(2*((AI9-MIN($W9:$AI9))/(MAX($W9:$AI9)-MIN($W9:$AI9))*($AM9-$AL9+IF(AC9>10,1,0))+$AL9),0),0))),"") | BA9: =IF(ISNUMBER(AJ9),ROUND(2*AVERAGE(AN9:AZ9),0)/2,"")
R10: =ROUNDDOWN(2*(SUMPRODUCT(C$4:P$4,C10:P10)/SUM(C$4:P$4)*20+Q10),0)/2 -> 0 | W10: =IF(COUNT(D10:Q10)>0,ROUND(2*SUM(N10:Q10)/7*20,0)/2,"") | X10: =IF(AND(X$3<>"",$W10<>""),ROUND(2*($R10*(COUNT($X$3:$AI$3)+1)-$W10)*X$3,0)/2,"") | Y10: =IF(AND(Y$3<>"",$W10<>""),ROUND(2*($R10*(COUNT($X$3:$AI$3)+1)-$W10)*Y$3,0)/2,"") | Z10: =IF(AND(Z$3<>"",$W10<>""),ROUND(2*($R10*(COUNT($X$3:$AI$3)+1)-$W10)*Z$3,0)/2,"") | AA10: =IF(AND(AA$3<>"",$W10<>""),ROUND(2*($R10*(COUNT($X$3:$AI$3)+1)-$W10)*AA$3,0)/2,"") | AB10: =IF(AND(AB$3<>"",$W10<>""),ROUND(2*($R10*(COUNT($X$3:$AI$3)+1)-$W10)*AB$3,0)/2,"") | AC10: =IF(AND(AC$3<>"",$W10<>""),ROUND(2*($R10*(COUNT($X$3:$AI$3)+1)-$W10)*AC$3,0)/2,"") | AD10: =IF(AND(AD$3<>"",$W10<>""),ROUND(2*($R10*(COUNT($X$3:$AI$3)+1)-$W10)*AD$3,0)/2,"") | AE10: =IF(AND(AE$3<>"",$W10<>""),ROUND(2*($R10*(COUNT($X$3:$AI$3)+1)-$W10)*AE$3,0)/2,"") | ... AI10: =IF(AND(AI$3<>"",$W10<>""),ROUND(2*($R10*(COUNT($X$3:$AI$3)+1)-$W10)*AI$3,0)/2,"") | AJ10: =IF(COUNT(W10:AI10)>0,ROUND(2*AVERAGE(W10:AE10),0)/2,"") | AL10: =IF(R10<10,MAX(0,2*R10-10),MAX(10,2*R10-20)) -> 0 | AM10: =2*R10-AL10 -> 0 | AN10: =IF(W10<>"",MIN($AM10,MAX($AL10,IF($AJ10>0,0.5*ROUNDUP(2*((W10-MIN($W10:$AI10))/(MAX($W10:$AI10)-MIN($W10:$AI10))*($AM10-$AL10+IF(Q10>10,1,0))+$AL10),0),0))),"") | AO10: =IF(X10<>"",MIN($AM10,MAX($AL10,IF($AJ10>0,0.5*ROUNDUP(2*((X10-MIN($W10:$AI10))/(MAX($W10:$AI10)-MIN($W10:$AI10))*($AM10-$AL10+IF(R10>10,1,0))+$AL10),0),0))),"") | AP10: =IF(Y10<>"",MIN($AM10,MAX($AL10,IF($AJ10>0,0.5*ROUNDUP(2*((Y10-MIN($W10:$AI10))/(MAX($W10:$AI10)-MIN($W10:$AI10))*($AM10-$AL10+IF(S10>10,1,0))+$AL10),0),0))),"") | AQ10: =IF(Z10<>"",MIN($AM10,MAX($AL10,IF($AJ10>0,0.5*ROUNDUP(2*((Z10-MIN($W10:$AI10))/(MAX($W10:$AI10)-MIN($W10:$AI10))*($AM10-$AL10+IF(T10>10,1,0))+$AL10),0),0))),"") | AR10: =IF(AA10<>"",MIN($AM10,MAX($AL10,IF($AJ10>0,0.5*ROUNDUP(2*((AA10-MIN($W10:$AI10))/(MAX($W10:$AI10)-MIN($W10:$AI10))*($AM10-$AL10+IF(U10>10,1,0))+$AL10),0),0))),"") | AS10: =IF(AB10<>"",MIN($AM10,MAX($AL10,IF($AJ10>0,0.5*ROUNDUP(2*((AB10-MIN($W10:$AI10))/(MAX($W10:$AI10)-MIN($W10:$AI10))*($AM10-$AL10+IF(V10>10,1,0))+$AL10),0),0))),"") | AT10: =IF(AC10<>"",MIN($AM10,MAX($AL10,IF($AJ10>0,0.5*ROUNDUP(2*((AC10-MIN($W10:$AI10))/(MAX($W10:$AI10)-MIN($W10:$AI10))*($AM10-$AL10+IF(W10>10,1,0))+$AL10),0),0))),"") | AU10: =IF(AD10<>"",MIN($AM10,MAX($AL10,IF($AJ10>0,0.5*ROUNDUP(2*((AD10-MIN($W10:$AI10))/(MAX($W10:$AI10)-MIN($W10:$AI10))*($AM10-$AL10+IF(X10>10,1,0))+$AL10),0),0))),"") | ... AZ10: =IF(AI10<>"",MIN($AM10,MAX($AL10,IF($AJ10>0,0.5*ROUNDUP(2*((AI10-MIN($W10:$AI10))/(MAX($W10:$AI10)-MIN($W10:$AI10))*($AM10-$AL10+IF(AC10>10,1,0))+$AL10),0),0))),"") | BA10: =IF(ISNUMBER(AJ10),ROUND(2*AVERAGE(AN10:AZ10),0)/2,"")
A11: 2 | R11: =ROUNDDOWN(2*(SUMPRODUCT(C$4:P$4,C11:P11)/SUM(C$4:P$4)*20+Q11),0)/2 -> 0 | W11: =IF(COUNT(D11:Q11)>0,ROUND(2*SUM(N11:Q11)/7*20,0)/2,"") | X11: =IF(AND(X$3<>"",$W11<>""),ROUND(2*($R11*(COUNT($X$3:$AI$3)+1)-$W11)*X$3,0)/2,"") | Y11: =IF(AND(Y$3<>"",$W11<>""),ROUND(2*($R11*(COUNT($X$3:$AI$3)+1)-$W11)*Y$3,0)/2,"") | Z11: =IF(AND(Z$3<>"",$W11<>""),ROUND(2*($R11*(COUNT($X$3:$AI$3)+1)-$W11)*Z$3,0)/2,"") | AA11: =IF(AND(AA$3<>"",$W11<>""),ROUND(2*($R11*(COUNT($X$3:$AI$3)+1)-$W11)*AA$3,0)/2,"") | AB11: =IF(AND(AB$3<>"",$W11<>""),ROUND(2*($R11*(COUNT($X$3:$AI$3)+1)-$W11)*AB$3,0)/2,"") | AC11: =IF(AND(AC$3<>"",$W11<>""),ROUND(2*($R11*(COUNT($X$3:$AI$3)+1)-$W11)*AC$3,0)/2,"") | AD11: =IF(AND(AD$3<>"",$W11<>""),ROUND(2*($R11*(COUNT($X$3:$AI$3)+1)-$W11)*AD$3,0)/2,"") | AE11: =IF(AND(AE$3<>"",$W11<>""),ROUND(2*($R11*(COUNT($X$3:$AI$3)+1)-$W11)*AE$3,0)/2,"") | ... AI11: =IF(AND(AI$3<>"",$W11<>""),ROUND(2*($R11*(COUNT($X$3:$AI$3)+1)-$W11)*AI$3,0)/2,"") | AJ11: =IF(COUNT(W11:AI11)>0,ROUND(2*AVERAGE(W11:AE11),0)/2,"") | AL11: =IF(R11<10,MAX(0,2*R11-10),MAX(10,2*R11-20)) -> 0 | AM11: =2*R11-AL11 -> 0 | AN11: =IF(W11<>"",MIN($AM11,MAX($AL11,IF($AJ11>0,0.5*ROUNDUP(2*((W11-MIN($W11:$AI11))/(MAX($W11:$AI11)-MIN($W11:$AI11))*($AM11-$AL11+IF(Q11>10,1,0))+$AL11),0),0))),"") | AO11: =IF(X11<>"",MIN($AM11,MAX($AL11,IF($AJ11>0,0.5*ROUNDUP(2*((X11-MIN($W11:$AI11))/(MAX($W11:$AI11)-MIN($W11:$AI11))*($AM11-$AL11+IF(R11>10,1,0))+$AL11),0),0))),"") | AP11: =IF(Y11<>"",MIN($AM11,MAX($AL11,IF($AJ11>0,0.5*ROUNDUP(2*((Y11-MIN($W11:$AI11))/(MAX($W11:$AI11)-MIN($W11:$AI11))*($AM11-$AL11+IF(S11>10,1,0))+$AL11),0),0))),"") | AQ11: =IF(Z11<>"",MIN($AM11,MAX($AL11,IF($AJ11>0,0.5*ROUNDUP(2*((Z11-MIN($W11:$AI11))/(MAX($W11:$AI11)-MIN($W11:$AI11))*($AM11-$AL11+IF(T11>10,1,0))+$AL11),0),0))),"") | AR11: =IF(AA11<>"",MIN($AM11,MAX($AL11,IF($AJ11>0,0.5*ROUNDUP(2*((AA11-MIN($W11:$AI11))/(MAX($W11:$AI11)-MIN($W11:$AI11))*($AM11-$AL11+IF(U11>10,1,0))+$AL11),0),0))),"") | AS11: =IF(AB11<>"",MIN($AM11,MAX($AL11,IF($AJ11>0,0.5*ROUNDUP(2*((AB11-MIN($W11:$AI11))/(MAX($W11:$AI11)-MIN($W11:$AI11))*($AM11-$AL11+IF(V11>10,1,0))+$AL11),0),0))),"") | AT11: =IF(AC11<>"",MIN($AM11,MAX($AL11,IF($AJ11>0,0.5*ROUNDUP(2*((AC11-MIN($W11:$AI11))/(MAX($W11:$AI11)-MIN($W11:$AI11))*($AM11-$AL11+IF(W11>10,1,0))+$AL11),0),0))),"") | AU11: =IF(AD11<>"",MIN($AM11,MAX($AL11,IF($AJ11>0,0.5*ROUNDUP(2*((AD11-MIN($W11:$AI11))/(MAX($W11:$AI11)-MIN($W11:$AI11))*($AM11-$AL11+IF(X11>10,1,0))+$AL11),0),0))),"") | ... AZ11: =IF(AI11<>"",MIN($AM11,MAX($AL11,IF($AJ11>0,0.5*ROUNDUP(2*((AI11-MIN($W11:$AI11))/(MAX($W11:$AI11)-MIN($W11:$AI11))*($AM11-$AL11+IF(AC11>10,1,0))+$AL11),0),0))),"") | BA11: =IF(ISNUMBER(AJ11),ROUND(2*AVERAGE(AN11:AZ11),0)/2,"")
R12: =ROUNDDOWN(2*(SUMPRODUCT(C$4:P$4,C12:P12)/SUM(C$4:P$4)*20+Q12),0)/2 -> 0 | W12: =IF(COUNT(D12:Q12)>0,ROUND(2*SUM(N12:Q12)/7*20,0)/2,"") | X12: =IF(AND(X$3<>"",$W12<>""),ROUND(2*($R12*(COUNT($X$3:$AI$3)+1)-$W12)*X$3,0)/2,"") | Y12: =IF(AND(Y$3<>"",$W12<>""),ROUND(2*($R12*(COUNT($X$3:$AI$3)+1)-$W12)*Y$3,0)/2,"") | Z12: =IF(AND(Z$3<>"",$W12<>""),ROUND(2*($R12*(COUNT($X$3:$AI$3)+1)-$W12)*Z$3,0)/2,"") | AA12: =IF(AND(AA$3<>"",$W12<>""),ROUND(2*($R12*(COUNT($X$3:$AI$3)+1)-$W12)*AA$3,0)/2,"") | AB12: =IF(AND(AB$3<>"",$W12<>""),ROUND(2*($R12*(COUNT($X$3:$AI$3)+1)-$W12)*AB$3,0)/2,"") | AC12: =IF(AND(AC$3<>"",$W12<>""),ROUND(2*($R12*(COUNT($X$3:$AI$3)+1)-$W12)*AC$3,0)/2,"") | AD12: =IF(AND(AD$3<>"",$W12<>""),ROUND(2*($R12*(COUNT($X$3:$AI$3)+1)-$W12)*AD$3,0)/2,"") | AE12: =IF(AND(AE$3<>"",$W12<>""),ROUND(2*($R12*(COUNT($X$3:$AI$3)+1)-$W12)*AE$3,0)/2,"") | ... AI12: =IF(AND(AI$3<>"",$W12<>""),ROUND(2*($R12*(COUNT($X$3:$AI$3)+1)-$W12)*AI$3,0)/2,"") | AJ12: =IF(COUNT(W12:AI12)>0,ROUND(2*AVERAGE(W12:AE12),0)/2,"") | AL12: =IF(R12<10,MAX(0,2*R12-10),MAX(10,2*R12-20)) -> 0 | AM12: =2*R12-AL12 -> 0 | AN12: =IF(W12<>"",MIN($AM12,MAX($AL12,IF($AJ12>0,0.5*ROUNDUP(2*((W12-MIN($W12:$AI12))/(MAX($W12:$AI12)-MIN($W12:$AI12))*($AM12-$AL12+IF(Q12>10,1,0))+$AL12),0),0))),"") | AO12: =IF(X12<>"",MIN($AM12,MAX($AL12,IF($AJ12>0,0.5*ROUNDUP(2*((X12-MIN($W12:$AI12))/(MAX($W12:$AI12)-MIN($W12:$AI12))*($AM12-$AL12+IF(R12>10,1,0))+$AL12),0),0))),"") | AP12: =IF(Y12<>"",MIN($AM12,MAX($AL12,IF($AJ12>0,0.5*ROUNDUP(2*((Y12-MIN($W12:$AI12))/(MAX($W12:$AI12)-MIN($W12:$AI12))*($AM12-$AL12+IF(S12>10,1,0))+$AL12),0),0))),"") | AQ12: =IF(Z12<>"",MIN($AM12,MAX($AL12,IF($AJ12>0,0.5*ROUNDUP(2*((Z12-MIN($W12:$AI12))/(MAX($W12:$AI12)-MIN($W12:$AI12))*($AM12-$AL12+IF(T12>10,1,0))+$AL12),0),0))),"") | AR12: =IF(AA12<>"",MIN($AM12,MAX($AL12,IF($AJ12>0,0.5*ROUNDUP(2*((AA12-MIN($W12:$AI12))/(MAX($W12:$AI12)-MIN($W12:$AI12))*($AM12-$AL12+IF(U12>10,1,0))+$AL12),0),0))),"") | AS12: =IF(AB12<>"",MIN($AM12,MAX($AL12,IF($AJ12>0,0.5*ROUNDUP(2*((AB12-MIN($W12:$AI12))/(MAX($W12:$AI12)-MIN($W12:$AI12))*($AM12-$AL12+IF(V12>10,1,0))+$AL12),0),0))),"") | AT12: =IF(AC12<>"",MIN($AM12,MAX($AL12,IF($AJ12>0,0.5*ROUNDUP(2*((AC12-MIN($W12:$AI12))/(MAX($W12:$AI12)-MIN($W12:$AI12))*($AM12-$AL12+IF(W12>10,1,0))+$AL12),0),0))),"") | AU12: =IF(AD12<>"",MIN($AM12,MAX($AL12,IF($AJ12>0,0.5*ROUNDUP(2*((AD12-MIN($W12:$AI12))/(MAX($W12:$AI12)-MIN($W12:$AI12))*($AM12-$AL12+IF(X12>10,1,0))+$AL12),0),0))),"") | ... AZ12: =IF(AI12<>"",MIN($AM12,MAX($AL12,IF($AJ12>0,0.5*ROUNDUP(2*((AI12-MIN($W12:$AI12))/(MAX($W12:$AI12)-MIN($W12:$AI12))*($AM12-$AL12+IF(AC12>10,1,0))+$AL12),0),0))),"") | BA12: =IF(ISNUMBER(AJ12),ROUND(2*AVERAGE(AN12:AZ12),0)/2,"")
R13: =ROUNDDOWN(2*(SUMPRODUCT(C$4:P$4,C13:P13)/SUM(C$4:P$4)*20+Q13),0)/2 -> 0 | W13: =IF(COUNT(D13:Q13)>0,ROUND(2*SUM(N13:Q13)/7*20,0)/2,"") | X13: =IF(AND(X$3<>"",$W13<>""),ROUND(2*($R13*(COUNT($X$3:$AI$3)+1)-$W13)*X$3,0)/2,"") | Y13: =IF(AND(Y$3<>"",$W13<>""),ROUND(2*($R13*(COUNT($X$3:$AI$3)+1)-$W13)*Y$3,0)/2,"") | Z13: =IF(AND(Z$3<>"",$W13<>""),ROUND(2*($R13*(COUNT($X$3:$AI$3)+1)-$W13)*Z$3,0)/2,"") | AA13: =IF(AND(AA$3<>"",$W13<>""),ROUND(2*($R13*(COUNT($X$3:$AI$3)+1)-$W13)*AA$3,0)/2,"") | AB13: =IF(AND(AB$3<>"",$W13<>""),ROUND(2*($R13*(COUNT($X$3:$AI$3)+1)-$W13)*AB$3,0)/2,"") | AC13: =IF(AND(AC$3<>"",$W13<>""),ROUND(2*($R13*(COUNT($X$3:$AI$3)+1)-$W13)*AC$3,0)/2,"") | AD13: =IF(AND(AD$3<>"",$W13<>""),ROUND(2*($R13*(COUNT($X$3:$AI$3)+1)-$W13)*AD$3,0)/2,"") | AE13: =IF(AND(AE$3<>"",$W13<>""),ROUND(2*($R13*(COUNT($X$3:$AI$3)+1)-$W13)*AE$3,0)/2,"") | ... AI13: =IF(AND(AI$3<>"",$W13<>""),ROUND(2*($R13*(COUNT($X$3:$AI$3)+1)-$W13)*AI$3,0)/2,"") | AJ13: =IF(COUNT(W13:AI13)>0,ROUND(2*AVERAGE(W13:AE13),0)/2,"") | AL13: =IF(R13<10,MAX(0,2*R13-10),MAX(10,2*R13-20)) -> 0 | AM13: =2*R13-AL13 -> 0 | AN13: =IF(W13<>"",MIN($AM13,MAX($AL13,IF($AJ13>0,0.5*ROUNDUP(2*((W13-MIN($W13:$AI13))/(MAX($W13:$AI13)-MIN($W13:$AI13))*($AM13-$AL13+IF(Q13>10,1,0))+$AL13),0),0))),"") | AO13: =IF(X13<>"",MIN($AM13,MAX($AL13,IF($AJ13>0,0.5*ROUNDUP(2*((X13-MIN($W13:$AI13))/(MAX($W13:$AI13)-MIN($W13:$AI13))*($AM13-$AL13+IF(R13>10,1,0))+$AL13),0),0))),"") | AP13: =IF(Y13<>"",MIN($AM13,MAX($AL13,IF($AJ13>0,0.5*ROUNDUP(2*((Y13-MIN($W13:$AI13))/(MAX($W13:$AI13)-MIN($W13:$AI13))*($AM13-$AL13+IF(S13>10,1,0))+$AL13),0),0))),"") | AQ13: =IF(Z13<>"",MIN($AM13,MAX($AL13,IF($AJ13>0,0.5*ROUNDUP(2*((Z13-MIN($W13:$AI13))/(MAX($W13:$AI13)-MIN($W13:$AI13))*($AM13-$AL13+IF(T13>10,1,0))+$AL13),0),0))),"") | AR13: =IF(AA13<>"",MIN($AM13,MAX($AL13,IF($AJ13>0,0.5*ROUNDUP(2*((AA13-MIN($W13:$AI13))/(MAX($W13:$AI13)-MIN($W13:$AI13))*($AM13-$AL13+IF(U13>10,1,0))+$AL13),0),0))),"") | AS13: =IF(AB13<>"",MIN($AM13,MAX($AL13,IF($AJ13>0,0.5*ROUNDUP(2*((AB13-MIN($W13:$AI13))/(MAX($W13:$AI13)-MIN($W13:$AI13))*($AM13-$AL13+IF(V13>10,1,0))+$AL13),0),0))),"") | AT13: =IF(AC13<>"",MIN($AM13,MAX($AL13,IF($AJ13>0,0.5*ROUNDUP(2*((AC13-MIN($W13:$AI13))/(MAX($W13:$AI13)-MIN($W13:$AI13))*($AM13-$AL13+IF(W13>10,1,0))+$AL13),0),0))),"") | AU13: =IF(AD13<>"",MIN($AM13,MAX($AL13,IF($AJ13>0,0.5*ROUNDUP(2*((AD13-MIN($W13:$AI13))/(MAX($W13:$AI13)-MIN($W13:$AI13))*($AM13-$AL13+IF(X13>10,1,0))+$AL13),0),0))),"") | ... AZ13: =IF(AI13<>"",MIN($AM13,MAX($AL13,IF($AJ13>0,0.5*ROUNDUP(2*((AI13-MIN($W13:$AI13))/(MAX($W13:$AI13)-MIN($W13:$AI13))*($AM13-$AL13+IF(AC13>10,1,0))+$AL13),0),0))),"") | BA13: =IF(ISNUMBER(AJ13),ROUND(2*AVERAGE(AN13:AZ13),0)/2,"")
R14: =ROUNDDOWN(2*(SUMPRODUCT(C$4:P$4,C14:P14)/SUM(C$4:P$4)*20+Q14),0)/2 -> 0 | W14: =IF(COUNT(D14:Q14)>0,ROUND(2*SUM(N14:Q14)/7*20,0)/2,"") | X14: =IF(AND(X$3<>"",$W14<>""),ROUND(2*($R14*(COUNT($X$3:$AI$3)+1)-$W14)*X$3,0)/2,"") | Y14: =IF(AND(Y$3<>"",$W14<>""),ROUND(2*($R14*(COUNT($X$3:$AI$3)+1)-$W14)*Y$3,0)/2,"") | Z14: =IF(AND(Z$3<>"",$W14<>""),ROUND(2*($R14*(COUNT($X$3:$AI$3)+1)-$W14)*Z$3,0)/2,"") | AA14: =IF(AND(AA$3<>"",$W14<>""),ROUND(2*($R14*(COUNT($X$3:$AI$3)+1)-$W14)*AA$3,0)/2,"") | AB14: =IF(AND(AB$3<>"",$W14<>""),ROUND(2*($R14*(COUNT($X$3:$AI$3)+1)-$W14)*AB$3,0)/2,"") | AC14: =IF(AND(AC$3<>"",$W14<>""),ROUND(2*($R14*(COUNT($X$3:$AI$3)+1)-$W14)*AC$3,0)/2,"") | AD14: =IF(AND(AD$3<>"",$W14<>""),ROUND(2*($R14*(COUNT($X$3:$AI$3)+1)-$W14)*AD$3,0)/2,"") | AE14: =IF(AND(AE$3<>"",$W14<>""),ROUND(2*($R14*(COUNT($X$3:$AI$3)+1)-$W14)*AE$3,0)/2,"") | ... AI14: =IF(AND(AI$3<>"",$W14<>""),ROUND(2*($R14*(COUNT($X$3:$AI$3)+1)-$W14)*AI$3,0)/2,"") | AJ14: =IF(COUNT(W14:AI14)>0,ROUND(2*AVERAGE(W14:AE14),0)/2,"") | AL14: =IF(R14<10,MAX(0,2*R14-10),MAX(10,2*R14-20)) -> 0 | AM14: =2*R14-AL14 -> 0 | AN14: =IF(W14<>"",MIN($AM14,MAX($AL14,IF($AJ14>0,0.5*ROUNDUP(2*((W14-MIN($W14:$AI14))/(MAX($W14:$AI14)-MIN($W14:$AI14))*($AM14-$AL14+IF(Q14>10,1,0))+$AL14),0),0))),"") | AO14: =IF(X14<>"",MIN($AM14,MAX($AL14,IF($AJ14>0,0.5*ROUNDUP(2*((X14-MIN($W14:$AI14))/(MAX($W14:$AI14)-MIN($W14:$AI14))*($AM14-$AL14+IF(R14>10,1,0))+$AL14),0),0))),"") | AP14: =IF(Y14<>"",MIN($AM14,MAX($AL14,IF($AJ14>0,0.5*ROUNDUP(2*((Y14-MIN($W14:$AI14))/(MAX($W14:$AI14)-MIN($W14:$AI14))*($AM14-$AL14+IF(S14>10,1,0))+$AL14),0),0))),"") | AQ14: =IF(Z14<>"",MIN($AM14,MAX($AL14,IF($AJ14>0,0.5*ROUNDUP(2*((Z14-MIN($W14:$AI14))/(MAX($W14:$AI14)-MIN($W14:$AI14))*($AM14-$AL14+IF(T14>10,1,0))+$AL14),0),0))),"") | AR14: =IF(AA14<>"",MIN($AM14,MAX($AL14,IF($AJ14>0,0.5*ROUNDUP(2*((AA14-MIN($W14:$AI14))/(MAX($W14:$AI14)-MIN($W14:$AI14))*($AM14-$AL14+IF(U14>10,1,0))+$AL14),0),0))),"") | AS14: =IF(AB14<>"",MIN($AM14,MAX($AL14,IF($AJ14>0,0.5*ROUNDUP(2*((AB14-MIN($W14:$AI14))/(MAX($W14:$AI14)-MIN($W14:$AI14))*($AM14-$AL14+IF(V14>10,1,0))+$AL14),0),0))),"") | AT14: =IF(AC14<>"",MIN($AM14,MAX($AL14,IF($AJ14>0,0.5*ROUNDUP(2*((AC14-MIN($W14:$AI14))/(MAX($W14:$AI14)-MIN($W14:$AI14))*($AM14-$AL14+IF(W14>10,1,0))+$AL14),0),0))),"") | AU14: =IF(AD14<>"",MIN($AM14,MAX($AL14,IF($AJ14>0,0.5*ROUNDUP(2*((AD14-MIN($W14:$AI14))/(MAX($W14:$AI14)-MIN($W14:$AI14))*($AM14-$AL14+IF(X14>10,1,0))+$AL14),0),0))),"") | ... AZ14: =IF(AI14<>"",MIN($AM14,MAX($AL14,IF($AJ14>0,0.5*ROUNDUP(2*((AI14-MIN($W14:$AI14))/(MAX($W14:$AI14)-MIN($W14:$AI14))*($AM14-$AL14+IF(AC14>10,1,0))+$AL14),0),0))),"") | BA14: =IF(ISNUMBER(AJ14),ROUND(2*AVERAGE(AN14:AZ14),0)/2,"")
R15: =ROUNDDOWN(2*(SUMPRODUCT(C$4:P$4,C15:P15)/SUM(C$4:P$4)*20+Q15),0)/2 -> 0 | W15: =IF(COUNT(D15:Q15)>0,ROUND(2*SUM(N15:Q15)/7*20,0)/2,"") | X15: =IF(AND(X$3<>"",$W15<>""),ROUND(2*($R15*(COUNT($X$3:$AI$3)+1)-$W15)*X$3,0)/2,"") | Y15: =IF(AND(Y$3<>"",$W15<>""),ROUND(2*($R15*(COUNT($X$3:$AI$3)+1)-$W15)*Y$3,0)/2,"") | Z15: =IF(AND(Z$3<>"",$W15<>""),ROUND(2*($R15*(COUNT($X$3:$AI$3)+1)-$W15)*Z$3,0)/2,"") | AA15: =IF(AND(AA$3<>"",$W15<>""),ROUND(2*($R15*(COUNT($X$3:$AI$3)+1)-$W15)*AA$3,0)/2,"") | AB15: =IF(AND(AB$3<>"",$W15<>""),ROUND(2*($R15*(COUNT($X$3:$AI$3)+1)-$W15)*AB$3,0)/2,"") | AC15: =IF(AND(AC$3<>"",$W15<>""),ROUND(2*($R15*(COUNT($X$3:$AI$3)+1)-$W15)*AC$3,0)/2,"") | AD15: =IF(AND(AD$3<>"",$W15<>""),ROUND(2*($R15*(COUNT($X$3:$AI$3)+1)-$W15)*AD$3,0)/2,"") | AE15: =IF(AND(AE$3<>"",$W15<>""),ROUND(2*($R15*(COUNT($X$3:$AI$3)+1)-$W15)*AE$3,0)/2,"") | ... AI15: =IF(AND(AI$3<>"",$W15<>""),ROUND(2*($R15*(COUNT($X$3:$AI$3)+1)-$W15)*AI$3,0)/2,"") | AJ15: =IF(COUNT(W15:AI15)>0,ROUND(2*AVERAGE(W15:AE15),0)/2,"") | AL15: =IF(R15<10,MAX(0,2*R15-10),MAX(10,2*R15-20)) -> 0 | AM15: =2*R15-AL15 -> 0 | AN15: =IF(W15<>"",MIN($AM15,MAX($AL15,IF($AJ15>0,0.5*ROUNDUP(2*((W15-MIN($W15:$AI15))/(MAX($W15:$AI15)-MIN($W15:$AI15))*($AM15-$AL15+IF(Q15>10,1,0))+$AL15),0),0))),"") | AO15: =IF(X15<>"",MIN($AM15,MAX($AL15,IF($AJ15>0,0.5*ROUNDUP(2*((X15-MIN($W15:$AI15))/(MAX($W15:$AI15)-MIN($W15:$AI15))*($AM15-$AL15+IF(R15>10,1,0))+$AL15),0),0))),"") | AP15: =IF(Y15<>"",MIN($AM15,MAX($AL15,IF($AJ15>0,0.5*ROUNDUP(2*((Y15-MIN($W15:$AI15))/(MAX($W15:$AI15)-MIN($W15:$AI15))*($AM15-$AL15+IF(S15>10,1,0))+$AL15),0),0))),"") | AQ15: =IF(Z15<>"",MIN($AM15,MAX($AL15,IF($AJ15>0,0.5*ROUNDUP(2*((Z15-MIN($W15:$AI15))/(MAX($W15:$AI15)-MIN($W15:$AI15))*($AM15-$AL15+IF(T15>10,1,0))+$AL15),0),0))),"") | AR15: =IF(AA15<>"",MIN($AM15,MAX($AL15,IF($AJ15>0,0.5*ROUNDUP(2*((AA15-MIN($W15:$AI15))/(MAX($W15:$AI15)-MIN($W15:$AI15))*($AM15-$AL15+IF(U15>10,1,0))+$AL15),0),0))),"") | AS15: =IF(AB15<>"",MIN($AM15,MAX($AL15,IF($AJ15>0,0.5*ROUNDUP(2*((AB15-MIN($W15:$AI15))/(MAX($W15:$AI15)-MIN($W15:$AI15))*($AM15-$AL15+IF(V15>10,1,0))+$AL15),0),0))),"") | AT15: =IF(AC15<>"",MIN($AM15,MAX($AL15,IF($AJ15>0,0.5*ROUNDUP(2*((AC15-MIN($W15:$AI15))/(MAX($W15:$AI15)-MIN($W15:$AI15))*($AM15-$AL15+IF(W15>10,1,0))+$AL15),0),0))),"") | AU15: =IF(AD15<>"",MIN($AM15,MAX($AL15,IF($AJ15>0,0.5*ROUNDUP(2*((AD15-MIN($W15:$AI15))/(MAX($W15:$AI15)-MIN($W15:$AI15))*($AM15-$AL15+IF(X15>10,1,0))+$AL15),0),0))),"") | ... AZ15: =IF(AI15<>"",MIN($AM15,MAX($AL15,IF($AJ15>0,0.5*ROUNDUP(2*((AI15-MIN($W15:$AI15))/(MAX($W15:$AI15)-MIN($W15:$AI15))*($AM15-$AL15+IF(AC15>10,1,0))+$AL15),0),0))),"") | BA15: =IF(ISNUMBER(AJ15),ROUND(2*AVERAGE(AN15:AZ15),0)/2,"")
R16: =ROUNDDOWN(2*(SUMPRODUCT(C$4:P$4,C16:P16)/SUM(C$4:P$4)*20+Q16),0)/2 -> 0 | W16: =IF(COUNT(D16:Q16)>0,ROUND(2*SUM(N16:Q16)/7*20,0)/2,"") | X16: =IF(AND(X$3<>"",$W16<>""),ROUND(2*($R16*(COUNT($X$3:$AI$3)+1)-$W16)*X$3,0)/2,"") | Y16: =IF(AND(Y$3<>"",$W16<>""),ROUND(2*($R16*(COUNT($X$3:$AI$3)+1)-$W16)*Y$3,0)/2,"") | Z16: =IF(AND(Z$3<>"",$W16<>""),ROUND(2*($R16*(COUNT($X$3:$AI$3)+1)-$W16)*Z$3,0)/2,"") | AA16: =IF(AND(AA$3<>"",$W16<>""),ROUND(2*($R16*(COUNT($X$3:$AI$3)+1)-$W16)*AA$3,0)/2,"") | AB16: =IF(AND(AB$3<>"",$W16<>""),ROUND(2*($R16*(COUNT($X$3:$AI$3)+1)-$W16)*AB$3,0)/2,"") | AC16: =IF(AND(AC$3<>"",$W16<>""),ROUND(2*($R16*(COUNT($X$3:$AI$3)+1)-$W16)*AC$3,0)/2,"") | AD16: =IF(AND(AD$3<>"",$W16<>""),ROUND(2*($R16*(COUNT($X$3:$AI$3)+1)-$W16)*AD$3,0)/2,"") | AE16: =IF(AND(AE$3<>"",$W16<>""),ROUND(2*($R16*(COUNT($X$3:$AI$3)+1)-$W16)*AE$3,0)/2,"") | ... AI16: =IF(AND(AI$3<>"",$W16<>""),ROUND(2*($R16*(COUNT($X$3:$AI$3)+1)-$W16)*AI$3,0)/2,"") | AJ16: =IF(COUNT(W16:AI16)>0,ROUND(2*AVERAGE(W16:AE16),0)/2,"") | AL16: =IF(R16<10,MAX(0,2*R16-10),MAX(10,2*R16-20)) -> 0 | AM16: =2*R16-AL16 -> 0 | AN16: =IF(W16<>"",MIN($AM16,MAX($AL16,IF($AJ16>0,0.5*ROUNDUP(2*((W16-MIN($W16:$AI16))/(MAX($W16:$AI16)-MIN($W16:$AI16))*($AM16-$AL16+IF(Q16>10,1,0))+$AL16),0),0))),"") | AO16: =IF(X16<>"",MIN($AM16,MAX($AL16,IF($AJ16>0,0.5*ROUNDUP(2*((X16-MIN($W16:$AI16))/(MAX($W16:$AI16)-MIN($W16:$AI16))*($AM16-$AL16+IF(R16>10,1,0))+$AL16),0),0))),"") | AP16: =IF(Y16<>"",MIN($AM16,MAX($AL16,IF($AJ16>0,0.5*ROUNDUP(2*((Y16-MIN($W16:$AI16))/(MAX($W16:$AI16)-MIN($W16:$AI16))*($AM16-$AL16+IF(S16>10,1,0))+$AL16),0),0))),"") | AQ16: =IF(Z16<>"",MIN($AM16,MAX($AL16,IF($AJ16>0,0.5*ROUNDUP(2*((Z16-MIN($W16:$AI16))/(MAX($W16:$AI16)-MIN($W16:$AI16))*($AM16-$AL16+IF(T16>10,1,0))+$AL16),0),0))),"") | AR16: =IF(AA16<>"",MIN($AM16,MAX($AL16,IF($AJ16>0,0.5*ROUNDUP(2*((AA16-MIN($W16:$AI16))/(MAX($W16:$AI16)-MIN($W16:$AI16))*($AM16-$AL16+IF(U16>10,1,0))+$AL16),0),0))),"") | AS16: =IF(AB16<>"",MIN($AM16,MAX($AL16,IF($AJ16>0,0.5*ROUNDUP(2*((AB16-MIN($W16:$AI16))/(MAX($W16:$AI16)-MIN($W16:$AI16))*($AM16-$AL16+IF(V16>10,1,0))+$AL16),0),0))),"") | AT16: =IF(AC16<>"",MIN($AM16,MAX($AL16,IF($AJ16>0,0.5*ROUNDUP(2*((AC16-MIN($W16:$AI16))/(MAX($W16:$AI16)-MIN($W16:$AI16))*($AM16-$AL16+IF(W16>10,1,0))+$AL16),0),0))),"") | AU16: =IF(AD16<>"",MIN($AM16,MAX($AL16,IF($AJ16>0,0.5*ROUNDUP(2*((AD16-MIN($W16:$AI16))/(MAX($W16:$AI16)-MIN($W16:$AI16))*($AM16-$AL16+IF(X16>10,1,0))+$AL16),0),0))),"") | ... AZ16: =IF(AI16<>"",MIN($AM16,MAX($AL16,IF($AJ16>0,0.5*ROUNDUP(2*((AI16-MIN($W16:$AI16))/(MAX($W16:$AI16)-MIN($W16:$AI16))*($AM16-$AL16+IF(AC16>10,1,0))+$AL16),0),0))),"") | BA16: =IF(ISNUMBER(AJ16),ROUND(2*AVERAGE(AN16:AZ16),0)/2,"")
A17: 3 | R17: =ROUNDDOWN(2*(SUMPRODUCT(C$4:P$4,C17:P17)/SUM(C$4:P$4)*20+Q17),0)/2 -> 0 | W17: =IF(COUNT(D17:Q17)>0,ROUND(2*SUM(N17:Q17)/7*20,0)/2,"") | X17: =IF(AND(X$3<>"",$W17<>""),ROUND(2*($R17*(COUNT($X$3:$AI$3)+1)-$W17)*X$3,0)/2,"") | Y17: =IF(AND(Y$3<>"",$W17<>""),ROUND(2*($R17*(COUNT($X$3:$AI$3)+1)-$W17)*Y$3,0)/2,"") | Z17: =IF(AND(Z$3<>"",$W17<>""),ROUND(2*($R17*(COUNT($X$3:$AI$3)+1)-$W17)*Z$3,0)/2,"") | AA17: =IF(AND(AA$3<>"",$W17<>""),ROUND(2*($R17*(COUNT($X$3:$AI$3)+1)-$W17)*AA$3,0)/2,"") | AB17: =IF(AND(AB$3<>"",$W17<>""),ROUND(2*($R17*(COUNT($X$3:$AI$3)+1)-$W17)*AB$3,0)/2,"") | AC17: =IF(AND(AC$3<>"",$W17<>""),ROUND(2*($R17*(COUNT($X$3:$AI$3)+1)-$W17)*AC$3,0)/2,"") | AD17: =IF(AND(AD$3<>"",$W17<>""),ROUND(2*($R17*(COUNT($X$3:$AI$3)+1)-$W17)*AD$3,0)/2,"") | AE17: =IF(AND(AE$3<>"",$W17<>""),ROUND(2*($R17*(COUNT($X$3:$AI$3)+1)-$W17)*AE$3,0)/2,"") | ... AI17: =IF(AND(AI$3<>"",$W17<>""),ROUND(2*($R17*(COUNT($X$3:$AI$3)+1)-$W17)*AI$3,0)/2,"") | AJ17: =IF(COUNT(W17:AI17)>0,ROUND(2*AVERAGE(W17:AE17),0)/2,"") | AL17: =IF(R17<10,MAX(0,2*R17-10),MAX(10,2*R17-20)) -> 0 | AM17: =2*R17-AL17 -> 0 | AN17: =IF(W17<>"",MIN($AM17,MAX($AL17,IF($AJ17>0,0.5*ROUNDUP(2*((W17-MIN($W17:$AI17))/(MAX($W17:$AI17)-MIN($W17:$AI17))*($AM17-$AL17+IF(Q17>10,1,0))+$AL17),0),0))),"") | AO17: =IF(X17<>"",MIN($AM17,MAX($AL17,IF($AJ17>0,0.5*ROUNDUP(2*((X17-MIN($W17:$AI17))/(MAX($W17:$AI17)-MIN($W17:$AI17))*($AM17-$AL17+IF(R17>10,1,0))+$AL17),0),0))),"") | AP17: =IF(Y17<>"",MIN($AM17,MAX($AL17,IF($AJ17>0,0.5*ROUNDUP(2*((Y17-MIN($W17:$AI17))/(MAX($W17:$AI17)-MIN($W17:$AI17))*($AM17-$AL17+IF(S17>10,1,0))+$AL17),0),0))),"") | AQ17: =IF(Z17<>"",MIN($AM17,MAX($AL17,IF($AJ17>0,0.5*ROUNDUP(2*((Z17-MIN($W17:$AI17))/(MAX($W17:$AI17)-MIN($W17:$AI17))*($AM17-$AL17+IF(T17>10,1,0))+$AL17),0),0))),"") | AR17: =IF(AA17<>"",MIN($AM17,MAX($AL17,IF($AJ17>0,0.5*ROUNDUP(2*((AA17-MIN($W17:$AI17))/(MAX($W17:$AI17)-MIN($W17:$AI17))*($AM17-$AL17+IF(U17>10,1,0))+$AL17),0),0))),"") | AS17: =IF(AB17<>"",MIN($AM17,MAX($AL17,IF($AJ17>0,0.5*ROUNDUP(2*((AB17-MIN($W17:$AI17))/(MAX($W17:$AI17)-MIN($W17:$AI17))*($AM17-$AL17+IF(V17>10,1,0))+$AL17),0),0))),"") | AT17: =IF(AC17<>"",MIN($AM17,MAX($AL17,IF($AJ17>0,0.5*ROUNDUP(2*((AC17-MIN($W17:$AI17))/(MAX($W17:$AI17)-MIN($W17:$AI17))*($AM17-$AL17+IF(W17>10,1,0))+$AL17),0),0))),"") | AU17: =IF(AD17<>"",MIN($AM17,MAX($AL17,IF($AJ17>0,0.5*ROUNDUP(2*((AD17-MIN($W17:$AI17))/(MAX($W17:$AI17)-MIN($W17:$AI17))*($AM17-$AL17+IF(X17>10,1,0))+$AL17),0),0))),"") | ... AZ17: =IF(AI17<>"",MIN($AM17,MAX($AL17,IF($AJ17>0,0.5*ROUNDUP(2*((AI17-MIN($W17:$AI17))/(MAX($W17:$AI17)-MIN($W17:$AI17))*($AM17-$AL17+IF(AC17>10,1,0))+$AL17),0),0))),"") | BA17: =IF(ISNUMBER(AJ17),ROUND(2*AVERAGE(AN17:AZ17),0)/2,"")
R18: =ROUNDDOWN(2*(SUMPRODUCT(C$4:P$4,C18:P18)/SUM(C$4:P$4)*20+Q18),0)/2 -> 0 | W18: =IF(COUNT(D18:Q18)>0,ROUND(2*SUM(N18:Q18)/7*20,0)/2,"") | X18: =IF(AND(X$3<>"",$W18<>""),ROUND(2*($R18*(COUNT($X$3:$AI$3)+1)-$W18)*X$3,0)/2,"") | Y18: =IF(AND(Y$3<>"",$W18<>""),ROUND(2*($R18*(COUNT($X$3:$AI$3)+1)-$W18)*Y$3,0)/2,"") | Z18: =IF(AND(Z$3<>"",$W18<>""),ROUND(2*($R18*(COUNT($X$3:$AI$3)+1)-$W18)*Z$3,0)/2,"") | AA18: =IF(AND(AA$3<>"",$W18<>""),ROUND(2*($R18*(COUNT($X$3:$AI$3)+1)-$W18)*AA$3,0)/2,"") | AB18: =IF(AND(AB$3<>"",$W18<>""),ROUND(2*($R18*(COUNT($X$3:$AI$3)+1)-$W18)*AB$3,0)/2,"") | AC18: =IF(AND(AC$3<>"",$W18<>""),ROUND(2*($R18*(COUNT($X$3:$AI$3)+1)-$W18)*AC$3,0)/2,"") | AD18: =IF(AND(AD$3<>"",$W18<>""),ROUND(2*($R18*(COUNT($X$3:$AI$3)+1)-$W18)*AD$3,0)/2,"") | AE18: =IF(AND(AE$3<>"",$W18<>""),ROUND(2*($R18*(COUNT($X$3:$AI$3)+1)-$W18)*AE$3,0)/2,"") | ... AI18: =IF(AND(AI$3<>"",$W18<>""),ROUND(2*($R18*(COUNT($X$3:$AI$3)+1)-$W18)*AI$3,0)/2,"") | AJ18: =IF(COUNT(W18:AI18)>0,ROUND(2*AVERAGE(W18:AE18),0)/2,"") | AL18: =IF(R18<10,MAX(0,2*R18-10),MAX(10,2*R18-20)) -> 0 | AM18: =2*R18-AL18 -> 0 | AN18: =IF(W18<>"",MIN($AM18,MAX($AL18,IF($AJ18>0,0.5*ROUNDUP(2*((W18-MIN($W18:$AI18))/(MAX($W18:$AI18)-MIN($W18:$AI18))*($AM18-$AL18+IF(Q18>10,1,0))+$AL18),0),0))),"") | AO18: =IF(X18<>"",MIN($AM18,MAX($AL18,IF($AJ18>0,0.5*ROUNDUP(2*((X18-MIN($W18:$AI18))/(MAX($W18:$AI18)-MIN($W18:$AI18))*($AM18-$AL18+IF(R18>10,1,0))+$AL18),0),0))),"") | AP18: =IF(Y18<>"",MIN($AM18,MAX($AL18,IF($AJ18>0,0.5*ROUNDUP(2*((Y18-MIN($W18:$AI18))/(MAX($W18:$AI18)-MIN($W18:$AI18))*($AM18-$AL18+IF(S18>10,1,0))+$AL18),0),0))),"") | AQ18: =IF(Z18<>"",MIN($AM18,MAX($AL18,IF($AJ18>0,0.5*ROUNDUP(2*((Z18-MIN($W18:$AI18))/(MAX($W18:$AI18)-MIN($W18:$AI18))*($AM18-$AL18+IF(T18>10,1,0))+$AL18),0),0))),"") | AR18: =IF(AA18<>"",MIN($AM18,MAX($AL18,IF($AJ18>0,0.5*ROUNDUP(2*((AA18-MIN($W18:$AI18))/(MAX($W18:$AI18)-MIN($W18:$AI18))*($AM18-$AL18+IF(U18>10,1,0))+$AL18),0),0))),"") | AS18: =IF(AB18<>"",MIN($AM18,MAX($AL18,IF($AJ18>0,0.5*ROUNDUP(2*((AB18-MIN($W18:$AI18))/(MAX($W18:$AI18)-MIN($W18:$AI18))*($AM18-$AL18+IF(V18>10,1,0))+$AL18),0),0))),"") | AT18: =IF(AC18<>"",MIN($AM18,MAX($AL18,IF($AJ18>0,0.5*ROUNDUP(2*((AC18-MIN($W18:$AI18))/(MAX($W18:$AI18)-MIN($W18:$AI18))*($AM18-$AL18+IF(W18>10,1,0))+$AL18),0),0))),"") | AU18: =IF(AD18<>"",MIN($AM18,MAX($AL18,IF($AJ18>0,0.5*ROUNDUP(2*((AD18-MIN($W18:$AI18))/(MAX($W18:$AI18)-MIN($W18:$AI18))*($AM18-$AL18+IF(X18>10,1,0))+$AL18),0),0))),"") | ... AZ18: =IF(AI18<>"",MIN($AM18,MAX($AL18,IF($AJ18>0,0.5*ROUNDUP(2*((AI18-MIN($W18:$AI18))/(MAX($W18:$AI18)-MIN($W18:$AI18))*($AM18-$AL18+IF(AC18>10,1,0))+$AL18),0),0))),"") | BA18: =IF(ISNUMBER(AJ18),ROUND(2*AVERAGE(AN18:AZ18),0)/2,"")
R19: =ROUNDDOWN(2*(SUMPRODUCT(C$4:P$4,C19:P19)/SUM(C$4:P$4)*20+Q19),0)/2 -> 0 | W19: =IF(COUNT(D19:Q19)>0,ROUND(2*SUM(N19:Q19)/7*20,0)/2,"") | X19: =IF(AND(X$3<>"",$W19<>""),ROUND(2*($R19*(COUNT($X$3:$AI$3)+1)-$W19)*X$3,0)/2,"") | Y19: =IF(AND(Y$3<>"",$W19<>""),ROUND(2*($R19*(COUNT($X$3:$AI$3)+1)-$W19)*Y$3,0)/2,"") | Z19: =IF(AND(Z$3<>"",$W19<>""),ROUND(2*($R19*(COUNT($X$3:$AI$3)+1)-$W19)*Z$3,0)/2,"") | AA19: =IF(AND(AA$3<>"",$W19<>""),ROUND(2*($R19*(COUNT($X$3:$AI$3)+1)-$W19)*AA$3,0)/2,"") | AB19: =IF(AND(AB$3<>"",$W19<>""),ROUND(2*($R19*(COUNT($X$3:$AI$3)+1)-$W19)*AB$3,0)/2,"") | AC19: =IF(AND(AC$3<>"",$W19<>""),ROUND(2*($R19*(COUNT($X$3:$AI$3)+1)-$W19)*AC$3,0)/2,"") | AD19: =IF(AND(AD$3<>"",$W19<>""),ROUND(2*($R19*(COUNT($X$3:$AI$3)+1)-$W19)*AD$3,0)/2,"") | AE19: =IF(AND(AE$3<>"",$W19<>""),ROUND(2*($R19*(COUNT($X$3:$AI$3)+1)-$W19)*AE$3,0)/2,"") | ... AI19: =IF(AND(AI$3<>"",$W19<>""),ROUND(2*($R19*(COUNT($X$3:$AI$3)+1)-$W19)*AI$3,0)/2,"") | AJ19: =IF(COUNT(W19:AI19)>0,ROUND(2*AVERAGE(W19:AE19),0)/2,"") | AL19: =IF(R19<10,MAX(0,2*R19-10),MAX(10,2*R19-20)) -> 0 | AM19: =2*R19-AL19 -> 0 | AN19: =IF(W19<>"",MIN($AM19,MAX($AL19,IF($AJ19>0,0.5*ROUNDUP(2*((W19-MIN($W19:$AI19))/(MAX($W19:$AI19)-MIN($W19:$AI19))*($AM19-$AL19+IF(Q19>10,1,0))+$AL19),0),0))),"") | AO19: =IF(X19<>"",MIN($AM19,MAX($AL19,IF($AJ19>0,0.5*ROUNDUP(2*((X19-MIN($W19:$AI19))/(MAX($W19:$AI19)-MIN($W19:$AI19))*($AM19-$AL19+IF(R19>10,1,0))+$AL19),0),0))),"") | AP19: =IF(Y19<>"",MIN($AM19,MAX($AL19,IF($AJ19>0,0.5*ROUNDUP(2*((Y19-MIN($W19:$AI19))/(MAX($W19:$AI19)-MIN($W19:$AI19))*($AM19-$AL19+IF(S19>10,1,0))+$AL19),0),0))),"") | AQ19: =IF(Z19<>"",MIN($AM19,MAX($AL19,IF($AJ19>0,0.5*ROUNDUP(2*((Z19-MIN($W19:$AI19))/(MAX($W19:$AI19)-MIN($W19:$AI19))*($AM19-$AL19+IF(T19>10,1,0))+$AL19),0),0))),"") | AR19: =IF(AA19<>"",MIN($AM19,MAX($AL19,IF($AJ19>0,0.5*ROUNDUP(2*((AA19-MIN($W19:$AI19))/(MAX($W19:$AI19)-MIN($W19:$AI19))*($AM19-$AL19+IF(U19>10,1,0))+$AL19),0),0))),"") | AS19: =IF(AB19<>"",MIN($AM19,MAX($AL19,IF($AJ19>0,0.5*ROUNDUP(2*((AB19-MIN($W19:$AI19))/(MAX($W19:$AI19)-MIN($W19:$AI19))*($AM19-$AL19+IF(V19>10,1,0))+$AL19),0),0))),"") | AT19: =IF(AC19<>"",MIN($AM19,MAX($AL19,IF($AJ19>0,0.5*ROUNDUP(2*((AC19-MIN($W19:$AI19))/(MAX($W19:$AI19)-MIN($W19:$AI19))*($AM19-$AL19+IF(W19>10,1,0))+$AL19),0),0))),"") | AU19: =IF(AD19<>"",MIN($AM19,MAX($AL19,IF($AJ19>0,0.5*ROUNDUP(2*((AD19-MIN($W19:$AI19))/(MAX($W19:$AI19)-MIN($W19:$AI19))*($AM19-$AL19+IF(X19>10,1,0))+$AL19),0),0))),"") | ... AZ19: =IF(AI19<>"",MIN($AM19,MAX($AL19,IF($AJ19>0,0.5*ROUNDUP(2*((AI19-MIN($W19:$AI19))/(MAX($W19:$AI19)-MIN($W19:$AI19))*($AM19-$AL19+IF(AC19>10,1,0))+$AL19),0),0))),"") | BA19: =IF(ISNUMBER(AJ19),ROUND(2*AVERAGE(AN19:AZ19),0)/2,"")
R20: =ROUNDDOWN(2*(SUMPRODUCT(C$4:P$4,C20:P20)/SUM(C$4:P$4)*20+Q20),0)/2 -> 0 | W20: =IF(COUNT(D20:Q20)>0,ROUND(2*SUM(N20:Q20)/7*20,0)/2,"") | X20: =IF(AND(X$3<>"",$W20<>""),ROUND(2*($R20*(COUNT($X$3:$AI$3)+1)-$W20)*X$3,0)/2,"") | Y20: =IF(AND(Y$3<>"",$W20<>""),ROUND(2*($R20*(COUNT($X$3:$AI$3)+1)-$W20)*Y$3,0)/2,"") | Z20: =IF(AND(Z$3<>"",$W20<>""),ROUND(2*($R20*(COUNT($X$3:$AI$3)+1)-$W20)*Z$3,0)/2,"") | AA20: =IF(AND(AA$3<>"",$W20<>""),ROUND(2*($R20*(COUNT($X$3:$AI$3)+1)-$W20)*AA$3,0)/2,"") | AB20: =IF(AND(AB$3<>"",$W20<>""),ROUND(2*($R20*(COUNT($X$3:$AI$3)+1)-$W20)*AB$3,0)/2,"") | AC20: =IF(AND(AC$3<>"",$W20<>""),ROUND(2*($R20*(COUNT($X$3:$AI$3)+1)-$W20)*AC$3,0)/2,"") | AD20: =IF(AND(AD$3<>"",$W20<>""),ROUND(2*($R20*(COUNT($X$3:$AI$3)+1)-$W20)*AD$3,0)/2,"") | AE20: =IF(AND(AE$3<>"",$W20<>""),ROUND(2*($R20*(COUNT($X$3:$AI$3)+1)-$W20)*AE$3,0)/2,"") | ... AI20: =IF(AND(AI$3<>"",$W20<>""),ROUND(2*($R20*(COUNT($X$3:$AI$3)+1)-$W20)*AI$3,0)/2,"") | AJ20: =IF(COUNT(W20:AI20)>0,ROUND(2*AVERAGE(W20:AE20),0)/2,"") | AL20: =IF(R20<10,MAX(0,2*R20-10),MAX(10,2*R20-20)) -> 0 | AM20: =2*R20-AL20 -> 0 | AN20: =IF(W20<>"",MIN($AM20,MAX($AL20,IF($AJ20>0,0.5*ROUNDUP(2*((W20-MIN($W20:$AI20))/(MAX($W20:$AI20)-MIN($W20:$AI20))*($AM20-$AL20+IF(Q20>10,1,0))+$AL20),0),0))),"") | AO20: =IF(X20<>"",MIN($AM20,MAX($AL20,IF($AJ20>0,0.5*ROUNDUP(2*((X20-MIN($W20:$AI20))/(MAX($W20:$AI20)-MIN($W20:$AI20))*($AM20-$AL20+IF(R20>10,1,0))+$AL20),0),0))),"") | AP20: =IF(Y20<>"",MIN($AM20,MAX($AL20,IF($AJ20>0,0.5*ROUNDUP(2*((Y20-MIN($W20:$AI20))/(MAX($W20:$AI20)-MIN($W20:$AI20))*($AM20-$AL20+IF(S20>10,1,0))+$AL20),0),0))),"") | AQ20: =IF(Z20<>"",MIN($AM20,MAX($AL20,IF($AJ20>0,0.5*ROUNDUP(2*((Z20-MIN($W20:$AI20))/(MAX($W20:$AI20)-MIN($W20:$AI20))*($AM20-$AL20+IF(T20>10,1,0))+$AL20),0),0))),"") | AR20: =IF(AA20<>"",MIN($AM20,MAX($AL20,IF($AJ20>0,0.5*ROUNDUP(2*((AA20-MIN($W20:$AI20))/(MAX($W20:$AI20)-MIN($W20:$AI20))*($AM20-$AL20+IF(U20>10,1,0))+$AL20),0),0))),"") | AS20: =IF(AB20<>"",MIN($AM20,MAX($AL20,IF($AJ20>0,0.5*ROUNDUP(2*((AB20-MIN($W20:$AI20))/(MAX($W20:$AI20)-MIN($W20:$AI20))*($AM20-$AL20+IF(V20>10,1,0))+$AL20),0),0))),"") | AT20: =IF(AC20<>"",MIN($AM20,MAX($AL20,IF($AJ20>0,0.5*ROUNDUP(2*((AC20-MIN($W20:$AI20))/(MAX($W20:$AI20)-MIN($W20:$AI20))*($AM20-$AL20+IF(W20>10,1,0))+$AL20),0),0))),"") | AU20: =IF(AD20<>"",MIN($AM20,MAX($AL20,IF($AJ20>0,0.5*ROUNDUP(2*((AD20-MIN($W20:$AI20))/(MAX($W20:$AI20)-MIN($W20:$AI20))*($AM20-$AL20+IF(X20>10,1,0))+$AL20),0),0))),"") | ... AZ20: =IF(AI20<>"",MIN($AM20,MAX($AL20,IF($AJ20>0,0.5*ROUNDUP(2*((AI20-MIN($W20:$AI20))/(MAX($W20:$AI20)-MIN($W20:$AI20))*($AM20-$AL20+IF(AC20>10,1,0))+$AL20),0),0))),"") | BA20: =IF(ISNUMBER(AJ20),ROUND(2*AVERAGE(AN20:AZ20),0)/2,"")
R21: =ROUNDDOWN(2*(SUMPRODUCT(C$4:P$4,C21:P21)/SUM(C$4:P$4)*20+Q21),0)/2 -> 0 | W21: =IF(COUNT(D21:Q21)>0,ROUND(2*SUM(N21:Q21)/7*20,0)/2,"") | X21: =IF(AND(X$3<>"",$W21<>""),ROUND(2*($R21*(COUNT($X$3:$AI$3)+1)-$W21)*X$3,0)/2,"") | Y21: =IF(AND(Y$3<>"",$W21<>""),ROUND(2*($R21*(COUNT($X$3:$AI$3)+1)-$W21)*Y$3,0)/2,"") | Z21: =IF(AND(Z$3<>"",$W21<>""),ROUND(2*($R21*(COUNT($X$3:$AI$3)+1)-$W21)*Z$3,0)/2,"") | AA21: =IF(AND(AA$3<>"",$W21<>""),ROUND(2*($R21*(COUNT($X$3:$AI$3)+1)-$W21)*AA$3,0)/2,"") | AB21: =IF(AND(AB$3<>"",$W21<>""),ROUND(2*($R21*(COUNT($X$3:$AI$3)+1)-$W21)*AB$3,0)/2,"") | AC21: =IF(AND(AC$3<>"",$W21<>""),ROUND(2*($R21*(COUNT($X$3:$AI$3)+1)-$W21)*AC$3,0)/2,"") | AD21: =IF(AND(AD$3<>"",$W21<>""),ROUND(2*($R21*(COUNT($X$3:$AI$3)+1)-$W21)*AD$3,0)/2,"") | AE21: =IF(AND(AE$3<>"",$W21<>""),ROUND(2*($R21*(COUNT($X$3:$AI$3)+1)-$W21)*AE$3,0)/2,"") | ... AI21: =IF(AND(AI$3<>"",$W21<>""),ROUND(2*($R21*(COUNT($X$3:$AI$3)+1)-$W21)*AI$3,0)/2,"") | AJ21: =IF(COUNT(W21:AI21)>0,ROUND(2*AVERAGE(W21:AE21),0)/2,"") | AL21: =IF(R21<10,MAX(0,2*R21-10),MAX(10,2*R21-20)) -> 0 | AM21: =2*R21-AL21 -> 0 | AN21: =IF(W21<>"",MIN($AM21,MAX($AL21,IF($AJ21>0,0.5*ROUNDUP(2*((W21-MIN($W21:$AI21))/(MAX($W21:$AI21)-MIN($W21:$AI21))*($AM21-$AL21+IF(Q21>10,1,0))+$AL21),0),0))),"") | AO21: =IF(X21<>"",MIN($AM21,MAX($AL21,IF($AJ21>0,0.5*ROUNDUP(2*((X21-MIN($W21:$AI21))/(MAX($W21:$AI21)-MIN($W21:$AI21))*($AM21-$AL21+IF(R21>10,1,0))+$AL21),0),0))),"") | AP21: =IF(Y21<>"",MIN($AM21,MAX($AL21,IF($AJ21>0,0.5*ROUNDUP(2*((Y21-MIN($W21:$AI21))/(MAX($W21:$AI21)-MIN($W21:$AI21))*($AM21-$AL21+IF(S21>10,1,0))+$AL21),0),0))),"") | AQ21: =IF(Z21<>"",MIN($AM21,MAX($AL21,IF($AJ21>0,0.5*ROUNDUP(2*((Z21-MIN($W21:$AI21))/(MAX($W21:$AI21)-MIN($W21:$AI21))*($AM21-$AL21+IF(T21>10,1,0))+$AL21),0),0))),"") | AR21: =IF(AA21<>"",MIN($AM21,MAX($AL21,IF($AJ21>0,0.5*ROUNDUP(2*((AA21-MIN($W21:$AI21))/(MAX($W21:$AI21)-MIN($W21:$AI21))*($AM21-$AL21+IF(U21>10,1,0))+$AL21),0),0))),"") | AS21: =IF(AB21<>"",MIN($AM21,MAX($AL21,IF($AJ21>0,0.5*ROUNDUP(2*((AB21-MIN($W21:$AI21))/(MAX($W21:$AI21)-MIN($W21:$AI21))*($AM21-$AL21+IF(V21>10,1,0))+$AL21),0),0))),"") | AT21: =IF(AC21<>"",MIN($AM21,MAX($AL21,IF($AJ21>0,0.5*ROUNDUP(2*((AC21-MIN($W21:$AI21))/(MAX($W21:$AI21)-MIN($W21:$AI21))*($AM21-$AL21+IF(W21>10,1,0))+$AL21),0),0))),"") | AU21: =IF(AD21<>"",MIN($AM21,MAX($AL21,IF($AJ21>0,0.5*ROUNDUP(2*((AD21-MIN($W21:$AI21))/(MAX($W21:$AI21)-MIN($W21:$AI21))*($AM21-$AL21+IF(X21>10,1,0))+$AL21),0),0))),"") | ... AZ21: =IF(AI21<>"",MIN($AM21,MAX($AL21,IF($AJ21>0,0.5*ROUNDUP(2*((AI21-MIN($W21:$AI21))/(MAX($W21:$AI21)-MIN($W21:$AI21))*($AM21-$AL21+IF(AC21>10,1,0))+$AL21),0),0))),"") | BA21: =IF(ISNUMBER(AJ21),ROUND(2*AVERAGE(AN21:AZ21),0)/2,"")
R22: =ROUNDDOWN(2*(SUMPRODUCT(C$4:P$4,C22:P22)/SUM(C$4:P$4)*20+Q22),0)/2 -> 0 | W22: =IF(COUNT(D22:Q22)>0,ROUND(2*SUM(N22:Q22)/7*20,0)/2,"") | X22: =IF(AND(X$3<>"",$W22<>""),ROUND(2*($R22*(COUNT($X$3:$AI$3)+1)-$W22)*X$3,0)/2,"") | Y22: =IF(AND(Y$3<>"",$W22<>""),ROUND(2*($R22*(COUNT($X$3:$AI$3)+1)-$W22)*Y$3,0)/2,"") | Z22: =IF(AND(Z$3<>"",$W22<>""),ROUND(2*($R22*(COUNT($X$3:$AI$3)+1)-$W22)*Z$3,0)/2,"") | AA22: =IF(AND(AA$3<>"",$W22<>""),ROUND(2*($R22*(COUNT($X$3:$AI$3)+1)-$W22)*AA$3,0)/2,"") | AB22: =IF(AND(AB$3<>"",$W22<>""),ROUND(2*($R22*(COUNT($X$3:$AI$3)+1)-$W22)*AB$3,0)/2,"") | AC22: =IF(AND(AC$3<>"",$W22<>""),ROUND(2*($R22*(COUNT($X$3:$AI$3)+1)-$W22)*AC$3,0)/2,"") | AD22: =IF(AND(AD$3<>"",$W22<>""),ROUND(2*($R22*(COUNT($X$3:$AI$3)+1)-$W22)*AD$3,0)/2,"") | AE22: =IF(AND(AE$3<>"",$W22<>""),ROUND(2*($R22*(COUNT($X$3:$AI$3)+1)-$W22)*AE$3,0)/2,"") | ... AI22: =IF(AND(AI$3<>"",$W22<>""),ROUND(2*($R22*(COUNT($X$3:$AI$3)+1)-$W22)*AI$3,0)/2,"") | AJ22: =IF(COUNT(W22:AI22)>0,ROUND(2*AVERAGE(W22:AE22),0)/2,"") | AL22: =IF(R22<10,MAX(0,2*R22-10),MAX(10,2*R22-20)) -> 0 | AM22: =2*R22-AL22 -> 0 | AN22: =IF(W22<>"",MIN($AM22,MAX($AL22,IF($AJ22>0,0.5*ROUNDUP(2*((W22-MIN($W22:$AI22))/(MAX($W22:$AI22)-MIN($W22:$AI22))*($AM22-$AL22+IF(Q22>10,1,0))+$AL22),0),0))),"") | AO22: =IF(X22<>"",MIN($AM22,MAX($AL22,IF($AJ22>0,0.5*ROUNDUP(2*((X22-MIN($W22:$AI22))/(MAX($W22:$AI22)-MIN($W22:$AI22))*($AM22-$AL22+IF(R22>10,1,0))+$AL22),0),0))),"") | AP22: =IF(Y22<>"",MIN($AM22,MAX($AL22,IF($AJ22>0,0.5*ROUNDUP(2*((Y22-MIN($W22:$AI22))/(MAX($W22:$AI22)-MIN($W22:$AI22))*($AM22-$AL22+IF(S22>10,1,0))+$AL22),0),0))),"") | AQ22: =IF(Z22<>"",MIN($AM22,MAX($AL22,IF($AJ22>0,0.5*ROUNDUP(2*((Z22-MIN($W22:$AI22))/(MAX($W22:$AI22)-MIN($W22:$AI22))*($AM22-$AL22+IF(T22>10,1,0))+$AL22),0),0))),"") | AR22: =IF(AA22<>"",MIN($AM22,MAX($AL22,IF($AJ22>0,0.5*ROUNDUP(2*((AA22-MIN($W22:$AI22))/(MAX($W22:$AI22)-MIN($W22:$AI22))*($AM22-$AL22+IF(U22>10,1,0))+$AL22),0),0))),"") | AS22: =IF(AB22<>"",MIN($AM22,MAX($AL22,IF($AJ22>0,0.5*ROUNDUP(2*((AB22-MIN($W22:$AI22))/(MAX($W22:$AI22)-MIN($W22:$AI22))*($AM22-$AL22+IF(V22>10,1,0))+$AL22),0),0))),"") | AT22: =IF(AC22<>"",MIN($AM22,MAX($AL22,IF($AJ22>0,0.5*ROUNDUP(2*((AC22-MIN($W22:$AI22))/(MAX($W22:$AI22)-MIN($W22:$AI22))*($AM22-$AL22+IF(W22>10,1,0))+$AL22),0),0))),"") | AU22: =IF(AD22<>"",MIN($AM22,MAX($AL22,IF($AJ22>0,0.5*ROUNDUP(2*((AD22-MIN($W22:$AI22))/(MAX($W22:$AI22)-MIN($W22:$AI22))*($AM22-$AL22+IF(X22>10,1,0))+$AL22),0),0))),"") | ... AZ22: =IF(AI22<>"",MIN($AM22,MAX($AL22,IF($AJ22>0,0.5*ROUNDUP(2*((AI22-MIN($W22:$AI22))/(MAX($W22:$AI22)-MIN($W22:$AI22))*($AM22-$AL22+IF(AC22>10,1,0))+$AL22),0),0))),"") | BA22: =IF(ISNUMBER(AJ22),ROUND(2*AVERAGE(AN22:AZ22),0)/2,"")
A23: 4 | R23: =ROUNDDOWN(2*(SUMPRODUCT(C$4:P$4,C23:P23)/SUM(C$4:P$4)*20+Q23),0)/2 -> 0 | W23: =IF(COUNT(D23:Q23)>0,ROUND(2*SUM(N23:Q23)/7*20,0)/2,"") | X23: =IF(AND(X$3<>"",$W23<>""),ROUND(2*($R23*(COUNT($X$3:$AI$3)+1)-$W23)*X$3,0)/2,"") | Y23: =IF(AND(Y$3<>"",$W23<>""),ROUND(2*($R23*(COUNT($X$3:$AI$3)+1)-$W23)*Y$3,0)/2,"") | Z23: =IF(AND(Z$3<>"",$W23<>""),ROUND(2*($R23*(COUNT($X$3:$AI$3)+1)-$W23)*Z$3,0)/2,"") | AA23: =IF(AND(AA$3<>"",$W23<>""),ROUND(2*($R23*(COUNT($X$3:$AI$3)+1)-$W23)*AA$3,0)/2,"") | AB23: =IF(AND(AB$3<>"",$W23<>""),ROUND(2*($R23*(COUNT($X$3:$AI$3)+1)-$W23)*AB$3,0)/2,"") | AC23: =IF(AND(AC$3<>"",$W23<>""),ROUND(2*($R23*(COUNT($X$3:$AI$3)+1)-$W23)*AC$3,0)/2,"") | AD23: =IF(AND(AD$3<>"",$W23<>""),ROUND(2*($R23*(COUNT($X$3:$AI$3)+1)-$W23)*AD$3,0)/2,"") | AE23: =IF(AND(AE$3<>"",$W23<>""),ROUND(2*($R23*(COUNT($X$3:$AI$3)+1)-$W23)*AE$3,0)/2,"") | ... AI23: =IF(AND(AI$3<>"",$W23<>""),ROUND(2*($R23*(COUNT($X$3:$AI$3)+1)-$W23)*AI$3,0)/2,"") | AJ23: =IF(COUNT(W23:AI23)>0,ROUND(2*AVERAGE(W23:AE23),0)/2,"") | AL23: =IF(R23<10,MAX(0,2*R23-10),MAX(10,2*R23-20)) -> 0 | AM23: =2*R23-AL23 -> 0 | AN23: =IF(W23<>"",MIN($AM23,MAX($AL23,IF($AJ23>0,0.5*ROUNDUP(2*((W23-MIN($W23:$AI23))/(MAX($W23:$AI23)-MIN($W23:$AI23))*($AM23-$AL23+IF(Q23>10,1,0))+$AL23),0),0))),"") | AO23: =IF(X23<>"",MIN($AM23,MAX($AL23,IF($AJ23>0,0.5*ROUNDUP(2*((X23-MIN($W23:$AI23))/(MAX($W23:$AI23)-MIN($W23:$AI23))*($AM23-$AL23+IF(R23>10,1,0))+$AL23),0),0))),"") | AP23: =IF(Y23<>"",MIN($AM23,MAX($AL23,IF($AJ23>0,0.5*ROUNDUP(2*((Y23-MIN($W23:$AI23))/(MAX($W23:$AI23)-MIN($W23:$AI23))*($AM23-$AL23+IF(S23>10,1,0))+$AL23),0),0))),"") | AQ23: =IF(Z23<>"",MIN($AM23,MAX($AL23,IF($AJ23>0,0.5*ROUNDUP(2*((Z23-MIN($W23:$AI23))/(MAX($W23:$AI23)-MIN($W23:$AI23))*($AM23-$AL23+IF(T23>10,1,0))+$AL23),0),0))),"") | AR23: =IF(AA23<>"",MIN($AM23,MAX($AL23,IF($AJ23>0,0.5*ROUNDUP(2*((AA23-MIN($W23:$AI23))/(MAX($W23:$AI23)-MIN($W23:$AI23))*($AM23-$AL23+IF(U23>10,1,0))+$AL23),0),0))),"") | AS23: =IF(AB23<>"",MIN($AM23,MAX($AL23,IF($AJ23>0,0.5*ROUNDUP(2*((AB23-MIN($W23:$AI23))/(MAX($W23:$AI23)-MIN($W23:$AI23))*($AM23-$AL23+IF(V23>10,1,0))+$AL23),0),0))),"") | AT23: =IF(AC23<>"",MIN($AM23,MAX($AL23,IF($AJ23>0,0.5*ROUNDUP(2*((AC23-MIN($W23:$AI23))/(MAX($W23:$AI23)-MIN($W23:$AI23))*($AM23-$AL23+IF(W23>10,1,0))+$AL23),0),0))),"") | AU23: =IF(AD23<>"",MIN($AM23,MAX($AL23,IF($AJ23>0,0.5*ROUNDUP(2*((AD23-MIN($W23:$AI23))/(MAX($W23:$AI23)-MIN($W23:$AI23))*($AM23-$AL23+IF(X23>10,1,0))+$AL23),0),0))),"") | ... AZ23: =IF(AI23<>"",MIN($AM23,MAX($AL23,IF($AJ23>0,0.5*ROUNDUP(2*((AI23-MIN($W23:$AI23))/(MAX($W23:$AI23)-MIN($W23:$AI23))*($AM23-$AL23+IF(AC23>10,1,0))+$AL23),0),0))),"") | BA23: =IF(ISNUMBER(AJ23),ROUND(2*AVERAGE(AN23:AZ23),0)/2,"")
R24: =ROUNDDOWN(2*(SUMPRODUCT(C$4:P$4,C24:P24)/SUM(C$4:P$4)*20+Q24),0)/2 -> 0 | W24: =IF(COUNT(D24:Q24)>0,ROUND(2*SUM(N24:Q24)/7*20,0)/2,"") | X24: =IF(AND(X$3<>"",$W24<>""),ROUND(2*($R24*(COUNT($X$3:$AI$3)+1)-$W24)*X$3,0)/2,"") | Y24: =IF(AND(Y$3<>"",$W24<>""),ROUND(2*($R24*(COUNT($X$3:$AI$3)+1)-$W24)*Y$3,0)/2,"") | Z24: =IF(AND(Z$3<>"",$W24<>""),ROUND(2*($R24*(COUNT($X$3:$AI$3)+1)-$W24)*Z$3,0)/2,"") | AA24: =IF(AND(AA$3<>"",$W24<>""),ROUND(2*($R24*(COUNT($X$3:$AI$3)+1)-$W24)*AA$3,0)/2,"") | AB24: =IF(AND(AB$3<>"",$W24<>""),ROUND(2*($R24*(COUNT($X$3:$AI$3)+1)-$W24)*AB$3,0)/2,"") | AC24: =IF(AND(AC$3<>"",$W24<>""),ROUND(2*($R24*(COUNT($X$3:$AI$3)+1)-$W24)*AC$3,0)/2,"") | AD24: =IF(AND(AD$3<>"",$W24<>""),ROUND(2*($R24*(COUNT($X$3:$AI$3)+1)-$W24)*AD$3,0)/2,"") | AE24: =IF(AND(AE$3<>"",$W24<>""),ROUND(2*($R24*(COUNT($X$3:$AI$3)+1)-$W24)*AE$3,0)/2,"") | ... AI24: =IF(AND(AI$3<>"",$W24<>""),ROUND(2*($R24*(COUNT($X$3:$AI$3)+1)-$W24)*AI$3,0)/2,"") | AJ24: =IF(COUNT(W24:AI24)>0,ROUND(2*AVERAGE(W24:AE24),0)/2,"") | AL24: =IF(R24<10,MAX(0,2*R24-10),MAX(10,2*R24-20)) -> 0 | AM24: =2*R24-AL24 -> 0 | AN24: =IF(W24<>"",MIN($AM24,MAX($AL24,IF($AJ24>0,0.5*ROUNDUP(2*((W24-MIN($W24:$AI24))/(MAX($W24:$AI24)-MIN($W24:$AI24))*($AM24-$AL24+IF(Q24>10,1,0))+$AL24),0),0))),"") | AO24: =IF(X24<>"",MIN($AM24,MAX($AL24,IF($AJ24>0,0.5*ROUNDUP(2*((X24-MIN($W24:$AI24))/(MAX($W24:$AI24)-MIN($W24:$AI24))*($AM24-$AL24+IF(R24>10,1,0))+$AL24),0),0))),"") | AP24: =IF(Y24<>"",MIN($AM24,MAX($AL24,IF($AJ24>0,0.5*ROUNDUP(2*((Y24-MIN($W24:$AI24))/(MAX($W24:$AI24)-MIN($W24:$AI24))*($AM24-$AL24+IF(S24>10,1,0))+$AL24),0),0))),"") | AQ24: =IF(Z24<>"",MIN($AM24,MAX($AL24,IF($AJ24>0,0.5*ROUNDUP(2*((Z24-MIN($W24:$AI24))/(MAX($W24:$AI24)-MIN($W24:$AI24))*($AM24-$AL24+IF(T24>10,1,0))+$AL24),0),0))),"") | AR24: =IF(AA24<>"",MIN($AM24,MAX($AL24,IF($AJ24>0,0.5*ROUNDUP(2*((AA24-MIN($W24:$AI24))/(MAX($W24:$AI24)-MIN($W24:$AI24))*($AM24-$AL24+IF(U24>10,1,0))+$AL24),0),0))),"") | AS24: =IF(AB24<>"",MIN($AM24,MAX($AL24,IF($AJ24>0,0.5*ROUNDUP(2*((AB24-MIN($W24:$AI24))/(MAX($W24:$AI24)-MIN($W24:$AI24))*($AM24-$AL24+IF(V24>10,1,0))+$AL24),0),0))),"") | AT24: =IF(AC24<>"",MIN($AM24,MAX($AL24,IF($AJ24>0,0.5*ROUNDUP(2*((AC24-MIN($W24:$AI24))/(MAX($W24:$AI24)-MIN($W24:$AI24))*($AM24-$AL24+IF(W24>10,1,0))+$AL24),0),0))),"") | AU24: =IF(AD24<>"",MIN($AM24,MAX($AL24,IF($AJ24>0,0.5*ROUNDUP(2*((AD24-MIN($W24:$AI24))/(MAX($W24:$AI24)-MIN($W24:$AI24))*($AM24-$AL24+IF(X24>10,1,0))+$AL24),0),0))),"") | ... AZ24: =IF(AI24<>"",MIN($AM24,MAX($AL24,IF($AJ24>0,0.5*ROUNDUP(2*((AI24-MIN($W24:$AI24))/(MAX($W24:$AI24)-MIN($W24:$AI24))*($AM24-$AL24+IF(AC24>10,1,0))+$AL24),0),0))),"") | BA24: =IF(ISNUMBER(AJ24),ROUND(2*AVERAGE(AN24:AZ24),0)/2,"")
R25: =ROUNDDOWN(2*(SUMPRODUCT(C$4:P$4,C25:P25)/SUM(C$4:P$4)*20+Q25),0)/2 -> 0 | W25: =IF(COUNT(D25:Q25)>0,ROUND(2*SUM(N25:Q25)/7*20,0)/2,"") | X25: =IF(AND(X$3<>"",$W25<>""),ROUND(2*($R25*(COUNT($X$3:$AI$3)+1)-$W25)*X$3,0)/2,"") | Y25: =IF(AND(Y$3<>"",$W25<>""),ROUND(2*($R25*(COUNT($X$3:$AI$3)+1)-$W25)*Y$3,0)/2,"") | Z25: =IF(AND(Z$3<>"",$W25<>""),ROUND(2*($R25*(COUNT($X$3:$AI$3)+1)-$W25)*Z$3,0)/2,"") | AA25: =IF(AND(AA$3<>"",$W25<>""),ROUND(2*($R25*(COUNT($X$3:$AI$3)+1)-$W25)*AA$3,0)/2,"") | AB25: =IF(AND(AB$3<>"",$W25<>""),ROUND(2*($R25*(COUNT($X$3:$AI$3)+1)-$W25)*AB$3,0)/2,"") | AC25: =IF(AND(AC$3<>"",$W25<>""),ROUND(2*($R25*(COUNT($X$3:$AI$3)+1)-$W25)*AC$3,0)/2,"") | AD25: =IF(AND(AD$3<>"",$W25<>""),ROUND(2*($R25*(COUNT($X$3:$AI$3)+1)-$W25)*AD$3,0)/2,"") | AE25: =IF(AND(AE$3<>"",$W25<>""),ROUND(2*($R25*(COUNT($X$3:$AI$3)+1)-$W25)*AE$3,0)/2,"") | ... AI25: =IF(AND(AI$3<>"",$W25<>""),ROUND(2*($R25*(COUNT($X$3:$AI$3)+1)-$W25)*AI$3,0)/2,"") | AJ25: =IF(COUNT(W25:AI25)>0,ROUND(2*AVERAGE(W25:AE25),0)/2,"") | AL25: =IF(R25<10,MAX(0,2*R25-10),MAX(10,2*R25-20)) -> 0 | AM25: =2*R25-AL25 -> 0 | AN25: =IF(W25<>"",MIN($AM25,MAX($AL25,IF($AJ25>0,0.5*ROUNDUP(2*((W25-MIN($W25:$AI25))/(MAX($W25:$AI25)-MIN($W25:$AI25))*($AM25-$AL25+IF(Q25>10,1,0))+$AL25),0),0))),"") | AO25: =IF(X25<>"",MIN($AM25,MAX($AL25,IF($AJ25>0,0.5*ROUNDUP(2*((X25-MIN($W25:$AI25))/(MAX($W25:$AI25)-MIN($W25:$AI25))*($AM25-$AL25+IF(R25>10,1,0))+$AL25),0),0))),"") | AP25: =IF(Y25<>"",MIN($AM25,MAX($AL25,IF($AJ25>0,0.5*ROUNDUP(2*((Y25-MIN($W25:$AI25))/(MAX($W25:$AI25)-MIN($W25:$AI25))*($AM25-$AL25+IF(S25>10,1,0))+$AL25),0),0))),"") | AQ25: =IF(Z25<>"",MIN($AM25,MAX($AL25,IF($AJ25>0,0.5*ROUNDUP(2*((Z25-MIN($W25:$AI25))/(MAX($W25:$AI25)-MIN($W25:$AI25))*($AM25-$AL25+IF(T25>10,1,0))+$AL25),0),0))),"") | AR25: =IF(AA25<>"",MIN($AM25,MAX($AL25,IF($AJ25>0,0.5*ROUNDUP(2*((AA25-MIN($W25:$AI25))/(MAX($W25:$AI25)-MIN($W25:$AI25))*($AM25-$AL25+IF(U25>10,1,0))+$AL25),0),0))),"") | AS25: =IF(AB25<>"",MIN($AM25,MAX($AL25,IF($AJ25>0,0.5*ROUNDUP(2*((AB25-MIN($W25:$AI25))/(MAX($W25:$AI25)-MIN($W25:$AI25))*($AM25-$AL25+IF(V25>10,1,0))+$AL25),0),0))),"") | AT25: =IF(AC25<>"",MIN($AM25,MAX($AL25,IF($AJ25>0,0.5*ROUNDUP(2*((AC25-MIN($W25:$AI25))/(MAX($W25:$AI25)-MIN($W25:$AI25))*($AM25-$AL25+IF(W25>10,1,0))+$AL25),0),0))),"") | AU25: =IF(AD25<>"",MIN($AM25,MAX($AL25,IF($AJ25>0,0.5*ROUNDUP(2*((AD25-MIN($W25:$AI25))/(MAX($W25:$AI25)-MIN($W25:$AI25))*($AM25-$AL25+IF(X25>10,1,0))+$AL25),0),0))),"") | ... AZ25: =IF(AI25<>"",MIN($AM25,MAX($AL25,IF($AJ25>0,0.5*ROUNDUP(2*((AI25-MIN($W25:$AI25))/(MAX($W25:$AI25)-MIN($W25:$AI25))*($AM25-$AL25+IF(AC25>10,1,0))+$AL25),0),0))),"") | BA25: =IF(ISNUMBER(AJ25),ROUND(2*AVERAGE(AN25:AZ25),0)/2,"")
R26: =ROUNDDOWN(2*(SUMPRODUCT(C$4:P$4,C26:P26)/SUM(C$4:P$4)*20+Q26),0)/2 -> 0 | W26: =IF(COUNT(D26:Q26)>0,ROUND(2*SUM(N26:Q26)/7*20,0)/2,"") | X26: =IF(AND(X$3<>"",$W26<>""),ROUND(2*($R26*(COUNT($X$3:$AI$3)+1)-$W26)*X$3,0)/2,"") | Y26: =IF(AND(Y$3<>"",$W26<>""),ROUND(2*($R26*(COUNT($X$3:$AI$3)+1)-$W26)*Y$3,0)/2,"") | Z26: =IF(AND(Z$3<>"",$W26<>""),ROUND(2*($R26*(COUNT($X$3:$AI$3)+1)-$W26)*Z$3,0)/2,"") | AA26: =IF(AND(AA$3<>"",$W26<>""),ROUND(2*($R26*(COUNT($X$3:$AI$3)+1)-$W26)*AA$3,0)/2,"") | AB26: =IF(AND(AB$3<>"",$W26<>""),ROUND(2*($R26*(COUNT($X$3:$AI$3)+1)-$W26)*AB$3,0)/2,"") | AC26: =IF(AND(AC$3<>"",$W26<>""),ROUND(2*($R26*(COUNT($X$3:$AI$3)+1)-$W26)*AC$3,0)/2,"") | AD26: =IF(AND(AD$3<>"",$W26<>""),ROUND(2*($R26*(COUNT($X$3:$AI$3)+1)-$W26)*AD$3,0)/2,"") | AE26: =IF(AND(AE$3<>"",$W26<>""),ROUND(2*($R26*(COUNT($X$3:$AI$3)+1)-$W26)*AE$3,0)/2,"") | ... AI26: =IF(AND(AI$3<>"",$W26<>""),ROUND(2*($R26*(COUNT($X$3:$AI$3)+1)-$W26)*AI$3,0)/2,"") | AJ26: =IF(COUNT(W26:AI26)>0,ROUND(2*AVERAGE(W26:AE26),0)/2,"") | AL26: =IF(R26<10,MAX(0,2*R26-10),MAX(10,2*R26-20)) -> 0 | AM26: =2*R26-AL26 -> 0 | AN26: =IF(W26<>"",MIN($AM26,MAX($AL26,IF($AJ26>0,0.5*ROUNDUP(2*((W26-MIN($W26:$AI26))/(MAX($W26:$AI26)-MIN($W26:$AI26))*($AM26-$AL26+IF(Q26>10,1,0))+$AL26),0),0))),"") | AO26: =IF(X26<>"",MIN($AM26,MAX($AL26,IF($AJ26>0,0.5*ROUNDUP(2*((X26-MIN($W26:$AI26))/(MAX($W26:$AI26)-MIN($W26:$AI26))*($AM26-$AL26+IF(R26>10,1,0))+$AL26),0),0))),"") | AP26: =IF(Y26<>"",MIN($AM26,MAX($AL26,IF($AJ26>0,0.5*ROUNDUP(2*((Y26-MIN($W26:$AI26))/(MAX($W26:$AI26)-MIN($W26:$AI26))*($AM26-$AL26+IF(S26>10,1,0))+$AL26),0),0))),"") | AQ26: =IF(Z26<>"",MIN($AM26,MAX($AL26,IF($AJ26>0,0.5*ROUNDUP(2*((Z26-MIN($W26:$AI26))/(MAX($W26:$AI26)-MIN($W26:$AI26))*($AM26-$AL26+IF(T26>10,1,0))+$AL26),0),0))),"") | AR26: =IF(AA26<>"",MIN($AM26,MAX($AL26,IF($AJ26>0,0.5*ROUNDUP(2*((AA26-MIN($W26:$AI26))/(MAX($W26:$AI26)-MIN($W26:$AI26))*($AM26-$AL26+IF(U26>10,1,0))+$AL26),0),0))),"") | AS26: =IF(AB26<>"",MIN($AM26,MAX($AL26,IF($AJ26>0,0.5*ROUNDUP(2*((AB26-MIN($W26:$AI26))/(MAX($W26:$AI26)-MIN($W26:$AI26))*($AM26-$AL26+IF(V26>10,1,0))+$AL26),0),0))),"") | AT26: =IF(AC26<>"",MIN($AM26,MAX($AL26,IF($AJ26>0,0.5*ROUNDUP(2*((AC26-MIN($W26:$AI26))/(MAX($W26:$AI26)-MIN($W26:$AI26))*($AM26-$AL26+IF(W26>10,1,0))+$AL26),0),0))),"") | AU26: =IF(AD26<>"",MIN($AM26,MAX($AL26,IF($AJ26>0,0.5*ROUNDUP(2*((AD26-MIN($W26:$AI26))/(MAX($W26:$AI26)-MIN($W26:$AI26))*($AM26-$AL26+IF(X26>10,1,0))+$AL26),0),0))),"") | ... AZ26: =IF(AI26<>"",MIN($AM26,MAX($AL26,IF($AJ26>0,0.5*ROUNDUP(2*((AI26-MIN($W26:$AI26))/(MAX($W26:$AI26)-MIN($W26:$AI26))*($AM26-$AL26+IF(AC26>10,1,0))+$AL26),0),0))),"") | BA26: =IF(ISNUMBER(AJ26),ROUND(2*AVERAGE(AN26:AZ26),0)/2,"")
R27: =ROUNDDOWN(2*(SUMPRODUCT(C$4:P$4,C27:P27)/SUM(C$4:P$4)*20+Q27),0)/2 -> 0 | W27: =IF(COUNT(D27:Q27)>0,ROUND(2*SUM(N27:Q27)/7*20,0)/2,"") | X27: =IF(AND(X$3<>"",$W27<>""),ROUND(2*($R27*(COUNT($X$3:$AI$3)+1)-$W27)*X$3,0)/2,"") | Y27: =IF(AND(Y$3<>"",$W27<>""),ROUND(2*($R27*(COUNT($X$3:$AI$3)+1)-$W27)*Y$3,0)/2,"") | Z27: =IF(AND(Z$3<>"",$W27<>""),ROUND(2*($R27*(COUNT($X$3:$AI$3)+1)-$W27)*Z$3,0)/2,"") | AA27: =IF(AND(AA$3<>"",$W27<>""),ROUND(2*($R27*(COUNT($X$3:$AI$3)+1)-$W27)*AA$3,0)/2,"") | AB27: =IF(AND(AB$3<>"",$W27<>""),ROUND(2*($R27*(COUNT($X$3:$AI$3)+1)-$W27)*AB$3,0)/2,"") | AC27: =IF(AND(AC$3<>"",$W27<>""),ROUND(2*($R27*(COUNT($X$3:$AI$3)+1)-$W27)*AC$3,0)/2,"") | AD27: =IF(AND(AD$3<>"",$W27<>""),ROUND(2*($R27*(COUNT($X$3:$AI$3)+1)-$W27)*AD$3,0)/2,"") | AE27: =IF(AND(AE$3<>"",$W27<>""),ROUND(2*($R27*(COUNT($X$3:$AI$3)+1)-$W27)*AE$3,0)/2,"") | ... AI27: =IF(AND(AI$3<>"",$W27<>""),ROUND(2*($R27*(COUNT($X$3:$AI$3)+1)-$W27)*AI$3,0)/2,"") | AJ27: =IF(COUNT(W27:AI27)>0,ROUND(2*AVERAGE(W27:AE27),0)/2,"") | AL27: =IF(R27<10,MAX(0,2*R27-10),MAX(10,2*R27-20)) -> 0 | AM27: =2*R27-AL27 -> 0 | AN27: =IF(W27<>"",MIN($AM27,MAX($AL27,IF($AJ27>0,0.5*ROUNDUP(2*((W27-MIN($W27:$AI27))/(MAX($W27:$AI27)-MIN($W27:$AI27))*($AM27-$AL27+IF(Q27>10,1,0))+$AL27),0),0))),"") | AO27: =IF(X27<>"",MIN($AM27,MAX($AL27,IF($AJ27>0,0.5*ROUNDUP(2*((X27-MIN($W27:$AI27))/(MAX($W27:$AI27)-MIN($W27:$AI27))*($AM27-$AL27+IF(R27>10,1,0))+$AL27),0),0))),"") | AP27: =IF(Y27<>"",MIN($AM27,MAX($AL27,IF($AJ27>0,0.5*ROUNDUP(2*((Y27-MIN($W27:$AI27))/(MAX($W27:$AI27)-MIN($W27:$AI27))*($AM27-$AL27+IF(S27>10,1,0))+$AL27),0),0))),"") | AQ27: =IF(Z27<>"",MIN($AM27,MAX($AL27,IF($AJ27>0,0.5*ROUNDUP(2*((Z27-MIN($W27:$AI27))/(MAX($W27:$AI27)-MIN($W27:$AI27))*($AM27-$AL27+IF(T27>10,1,0))+$AL27),0),0))),"") | AR27: =IF(AA27<>"",MIN($AM27,MAX($AL27,IF($AJ27>0,0.5*ROUNDUP(2*((AA27-MIN($W27:$AI27))/(MAX($W27:$AI27)-MIN($W27:$AI27))*($AM27-$AL27+IF(U27>10,1,0))+$AL27),0),0))),"") | AS27: =IF(AB27<>"",MIN($AM27,MAX($AL27,IF($AJ27>0,0.5*ROUNDUP(2*((AB27-MIN($W27:$AI27))/(MAX($W27:$AI27)-MIN($W27:$AI27))*($AM27-$AL27+IF(V27>10,1,0))+$AL27),0),0))),"") | AT27: =IF(AC27<>"",MIN($AM27,MAX($AL27,IF($AJ27>0,0.5*ROUNDUP(2*((AC27-MIN($W27:$AI27))/(MAX($W27:$AI27)-MIN($W27:$AI27))*($AM27-$AL27+IF(W27>10,1,0))+$AL27),0),0))),"") | AU27: =IF(AD27<>"",MIN($AM27,MAX($AL27,IF($AJ27>0,0.5*ROUNDUP(2*((AD27-MIN($W27:$AI27))/(MAX($W27:$AI27)-MIN($W27:$AI27))*($AM27-$AL27+IF(X27>10,1,0))+$AL27),0),0))),"") | ... AZ27: =IF(AI27<>"",MIN($AM27,MAX($AL27,IF($AJ27>0,0.5*ROUNDUP(2*((AI27-MIN($W27:$AI27))/(MAX($W27:$AI27)-MIN($W27:$AI27))*($AM27-$AL27+IF(AC27>10,1,0))+$AL27),0),0))),"") | BA27: =IF(ISNUMBER(AJ27),ROUND(2*AVERAGE(AN27:AZ27),0)/2,"")
R28: =ROUNDDOWN(2*(SUMPRODUCT(C$4:P$4,C28:P28)/SUM(C$4:P$4)*20+Q28),0)/2 -> 0 | W28: =IF(COUNT(D28:Q28)>0,ROUND(2*SUM(N28:Q28)/7*20,0)/2,"") | X28: =IF(AND(X$3<>"",$W28<>""),ROUND(2*($R28*(COUNT($X$3:$AI$3)+1)-$W28)*X$3,0)/2,"") | Y28: =IF(AND(Y$3<>"",$W28<>""),ROUND(2*($R28*(COUNT($X$3:$AI$3)+1)-$W28)*Y$3,0)/2,"") | Z28: =IF(AND(Z$3<>"",$W28<>""),ROUND(2*($R28*(COUNT($X$3:$AI$3)+1)-$W28)*Z$3,0)/2,"") | AA28: =IF(AND(AA$3<>"",$W28<>""),ROUND(2*($R28*(COUNT($X$3:$AI$3)+1)-$W28)*AA$3,0)/2,"") | AB28: =IF(AND(AB$3<>"",$W28<>""),ROUND(2*($R28*(COUNT($X$3:$AI$3)+1)-$W28)*AB$3,0)/2,"") | AC28: =IF(AND(AC$3<>"",$W28<>""),ROUND(2*($R28*(COUNT($X$3:$AI$3)+1)-$W28)*AC$3,0)/2,"") | AD28: =IF(AND(AD$3<>"",$W28<>""),ROUND(2*($R28*(COUNT($X$3:$AI$3)+1)-$W28)*AD$3,0)/2,"") | AE28: =IF(AND(AE$3<>"",$W28<>""),ROUND(2*($R28*(COUNT($X$3:$AI$3)+1)-$W28)*AE$3,0)/2,"") | ... AI28: =IF(AND(AI$3<>"",$W28<>""),ROUND(2*($R28*(COUNT($X$3:$AI$3)+1)-$W28)*AI$3,0)/2,"") | AJ28: =IF(COUNT(W28:AI28)>0,ROUND(2*AVERAGE(W28:AE28),0)/2,"") | AL28: =IF(R28<10,MAX(0,2*R28-10),MAX(10,2*R28-20)) -> 0 | AM28: =2*R28-AL28 -> 0 | AN28: =IF(W28<>"",MIN($AM28,MAX($AL28,IF($AJ28>0,0.5*ROUNDUP(2*((W28-MIN($W28:$AI28))/(MAX($W28:$AI28)-MIN($W28:$AI28))*($AM28-$AL28+IF(Q28>10,1,0))+$AL28),0),0))),"") | AO28: =IF(X28<>"",MIN($AM28,MAX($AL28,IF($AJ28>0,0.5*ROUNDUP(2*((X28-MIN($W28:$AI28))/(MAX($W28:$AI28)-MIN($W28:$AI28))*($AM28-$AL28+IF(R28>10,1,0))+$AL28),0),0))),"") | AP28: =IF(Y28<>"",MIN($AM28,MAX($AL28,IF($AJ28>0,0.5*ROUNDUP(2*((Y28-MIN($W28:$AI28))/(MAX($W28:$AI28)-MIN($W28:$AI28))*($AM28-$AL28+IF(S28>10,1,0))+$AL28),0),0))),"") | AQ28: =IF(Z28<>"",MIN($AM28,MAX($AL28,IF($AJ28>0,0.5*ROUNDUP(2*((Z28-MIN($W28:$AI28))/(MAX($W28:$AI28)-MIN($W28:$AI28))*($AM28-$AL28+IF(T28>10,1,0))+$AL28),0),0))),"") | AR28: =IF(AA28<>"",MIN($AM28,MAX($AL28,IF($AJ28>0,0.5*ROUNDUP(2*((AA28-MIN($W28:$AI28))/(MAX($W28:$AI28)-MIN($W28:$AI28))*($AM28-$AL28+IF(U28>10,1,0))+$AL28),0),0))),"") | AS28: =IF(AB28<>"",MIN($AM28,MAX($AL28,IF($AJ28>0,0.5*ROUNDUP(2*((AB28-MIN($W28:$AI28))/(MAX($W28:$AI28)-MIN($W28:$AI28))*($AM28-$AL28+IF(V28>10,1,0))+$AL28),0),0))),"") | AT28: =IF(AC28<>"",MIN($AM28,MAX($AL28,IF($AJ28>0,0.5*ROUNDUP(2*((AC28-MIN($W28:$AI28))/(MAX($W28:$AI28)-MIN($W28:$AI28))*($AM28-$AL28+IF(W28>10,1,0))+$AL28),0),0))),"") | AU28: =IF(AD28<>"",MIN($AM28,MAX($AL28,IF($AJ28>0,0.5*ROUNDUP(2*((AD28-MIN($W28:$AI28))/(MAX($W28:$AI28)-MIN($W28:$AI28))*($AM28-$AL28+IF(X28>10,1,0))+$AL28),0),0))),"") | ... AZ28: =IF(AI28<>"",MIN($AM28,MAX($AL28,IF($AJ28>0,0.5*ROUNDUP(2*((AI28-MIN($W28:$AI28))/(MAX($W28:$AI28)-MIN($W28:$AI28))*($AM28-$AL28+IF(AC28>10,1,0))+$AL28),0),0))),"") | BA28: =IF(ISNUMBER(AJ28),ROUND(2*AVERAGE(AN28:AZ28),0)/2,"")
A29: 5 | R29: =ROUNDDOWN(2*(SUMPRODUCT(C$4:P$4,C29:P29)/SUM(C$4:P$4)*20+Q29),0)/2 -> 0 | W29: =IF(COUNT(D29:Q29)>0,ROUND(2*SUM(N29:Q29)/7*20,0)/2,"") | X29: =IF(AND(X$3<>"",$W29<>""),ROUND(2*($R29*(COUNT($X$3:$AI$3)+1)-$W29)*X$3,0)/2,"") | Y29: =IF(AND(Y$3<>"",$W29<>""),ROUND(2*($R29*(COUNT($X$3:$AI$3)+1)-$W29)*Y$3,0)/2,"") | Z29: =IF(AND(Z$3<>"",$W29<>""),ROUND(2*($R29*(COUNT($X$3:$AI$3)+1)-$W29)*Z$3,0)/2,"") | AA29: =IF(AND(AA$3<>"",$W29<>""),ROUND(2*($R29*(COUNT($X$3:$AI$3)+1)-$W29)*AA$3,0)/2,"") | AB29: =IF(AND(AB$3<>"",$W29<>""),ROUND(2*($R29*(COUNT($X$3:$AI$3)+1)-$W29)*AB$3,0)/2,"") | AC29: =IF(AND(AC$3<>"",$W29<>""),ROUND(2*($R29*(COUNT($X$3:$AI$3)+1)-$W29)*AC$3,0)/2,"") | AD29: =IF(AND(AD$3<>"",$W29<>""),ROUND(2*($R29*(COUNT($X$3:$AI$3)+1)-$W29)*AD$3,0)/2,"") | AE29: =IF(AND(AE$3<>"",$W29<>""),ROUND(2*($R29*(COUNT($X$3:$AI$3)+1)-$W29)*AE$3,0)/2,"") | ... AI29: =IF(AND(AI$3<>"",$W29<>""),ROUND(2*($R29*(COUNT($X$3:$AI$3)+1)-$W29)*AI$3,0)/2,"") | AJ29: =IF(COUNT(W29:AI29)>0,ROUND(2*AVERAGE(W29:AE29),0)/2,"") | AL29: =IF(R29<10,MAX(0,2*R29-10),MAX(10,2*R29-20)) -> 0 | AM29: =2*R29-AL29 -> 0 | AN29: =IF(W29<>"",MIN($AM29,MAX($AL29,IF($AJ29>0,0.5*ROUNDUP(2*((W29-MIN($W29:$AI29))/(MAX($W29:$AI29)-MIN($W29:$AI29))*($AM29-$AL29+IF(Q29>10,1,0))+$AL29),0),0))),"") | AO29: =IF(X29<>"",MIN($AM29,MAX($AL29,IF($AJ29>0,0.5*ROUNDUP(2*((X29-MIN($W29:$AI29))/(MAX($W29:$AI29)-MIN($W29:$AI29))*($AM29-$AL29+IF(R29>10,1,0))+$AL29),0),0))),"") | AP29: =IF(Y29<>"",MIN($AM29,MAX($AL29,IF($AJ29>0,0.5*ROUNDUP(2*((Y29-MIN($W29:$AI29))/(MAX($W29:$AI29)-MIN($W29:$AI29))*($AM29-$AL29+IF(S29>10,1,0))+$AL29),0),0))),"") | AQ29: =IF(Z29<>"",MIN($AM29,MAX($AL29,IF($AJ29>0,0.5*ROUNDUP(2*((Z29-MIN($W29:$AI29))/(MAX($W29:$AI29)-MIN($W29:$AI29))*($AM29-$AL29+IF(T29>10,1,0))+$AL29),0),0))),"") | AR29: =IF(AA29<>"",MIN($AM29,MAX($AL29,IF($AJ29>0,0.5*ROUNDUP(2*((AA29-MIN($W29:$AI29))/(MAX($W29:$AI29)-MIN($W29:$AI29))*($AM29-$AL29+IF(U29>10,1,0))+$AL29),0),0))),"") | AS29: =IF(AB29<>"",MIN($AM29,MAX($AL29,IF($AJ29>0,0.5*ROUNDUP(2*((AB29-MIN($W29:$AI29))/(MAX($W29:$AI29)-MIN($W29:$AI29))*($AM29-$AL29+IF(V29>10,1,0))+$AL29),0),0))),"") | AT29: =IF(AC29<>"",MIN($AM29,MAX($AL29,IF($AJ29>0,0.5*ROUNDUP(2*((AC29-MIN($W29:$AI29))/(MAX($W29:$AI29)-MIN($W29:$AI29))*($AM29-$AL29+IF(W29>10,1,0))+$AL29),0),0))),"") | AU29: =IF(AD29<>"",MIN($AM29,MAX($AL29,IF($AJ29>0,0.5*ROUNDUP(2*((AD29-MIN($W29:$AI29))/(MAX($W29:$AI29)-MIN($W29:$AI29))*($AM29-$AL29+IF(X29>10,1,0))+$AL29),0),0))),"") | ... AZ29: =IF(AI29<>"",MIN($AM29,MAX($AL29,IF($AJ29>0,0.5*ROUNDUP(2*((AI29-MIN($W29:$AI29))/(MAX($W29:$AI29)-MIN($W29:$AI29))*($AM29-$AL29+IF(AC29>10,1,0))+$AL29),0),0))),"") | BA29: =IF(ISNUMBER(AJ29),ROUND(2*AVERAGE(AN29:AZ29),0)/2,"")
R30: =ROUNDDOWN(2*(SUMPRODUCT(C$4:P$4,C30:P30)/SUM(C$4:P$4)*20+Q30),0)/2 -> 0 | W30: =IF(COUNT(D30:Q30)>0,ROUND(2*SUM(N30:Q30)/7*20,0)/2,"") | X30: =IF(AND(X$3<>"",$W30<>""),ROUND(2*($R30*(COUNT($X$3:$AI$3)+1)-$W30)*X$3,0)/2,"") | Y30: =IF(AND(Y$3<>"",$W30<>""),ROUND(2*($R30*(COUNT($X$3:$AI$3)+1)-$W30)*Y$3,0)/2,"") | Z30: =IF(AND(Z$3<>"",$W30<>""),ROUND(2*($R30*(COUNT($X$3:$AI$3)+1)-$W30)*Z$3,0)/2,"") | AA30: =IF(AND(AA$3<>"",$W30<>""),ROUND(2*($R30*(COUNT($X$3:$AI$3)+1)-$W30)*AA$3,0)/2,"") | AB30: =IF(AND(AB$3<>"",$W30<>""),ROUND(2*($R30*(COUNT($X$3:$AI$3)+1)-$W30)*AB$3,0)/2,"") | AC30: =IF(AND(AC$3<>"",$W30<>""),ROUND(2*($R30*(COUNT($X$3:$AI$3)+1)-$W30)*AC$3,0)/2,"") | AD30: =IF(AND(AD$3<>"",$W30<>""),ROUND(2*($R30*(COUNT($X$3:$AI$3)+1)-$W30)*AD$3,0)/2,"") | AE30: =IF(AND(AE$3<>"",$W30<>""),ROUND(2*($R30*(COUNT($X$3:$AI$3)+1)-$W30)*AE$3,0)/2,"") | ... AI30: =IF(AND(AI$3<>"",$W30<>""),ROUND(2*($R30*(COUNT($X$3:$AI$3)+1)-$W30)*AI$3,0)/2,"") | AJ30: =IF(COUNT(W30:AI30)>0,ROUND(2*AVERAGE(W30:AE30),0)/2,"") | AL30: =IF(R30<10,MAX(0,2*R30-10),MAX(10,2*R30-20)) -> 0 | AM30: =2*R30-AL30 -> 0 | AN30: =IF(W30<>"",MIN($AM30,MAX($AL30,IF($AJ30>0,0.5*ROUNDUP(2*((W30-MIN($W30:$AI30))/(MAX($W30:$AI30)-MIN($W30:$AI30))*($AM30-$AL30+IF(Q30>10,1,0))+$AL30),0),0))),"") | AO30: =IF(X30<>"",MIN($AM30,MAX($AL30,IF($AJ30>0,0.5*ROUNDUP(2*((X30-MIN($W30:$AI30))/(MAX($W30:$AI30)-MIN($W30:$AI30))*($AM30-$AL30+IF(R30>10,1,0))+$AL30),0),0))),"") | AP30: =IF(Y30<>"",MIN($AM30,MAX($AL30,IF($AJ30>0,0.5*ROUNDUP(2*((Y30-MIN($W30:$AI30))/(MAX($W30:$AI30)-MIN($W30:$AI30))*($AM30-$AL30+IF(S30>10,1,0))+$AL30),0),0))),"") | AQ30: =IF(Z30<>"",MIN($AM30,MAX($AL30,IF($AJ30>0,0.5*ROUNDUP(2*((Z30-MIN($W30:$AI30))/(MAX($W30:$AI30)-MIN($W30:$AI30))*($AM30-$AL30+IF(T30>10,1,0))+$AL30),0),0))),"") | AR30: =IF(AA30<>"",MIN($AM30,MAX($AL30,IF($AJ30>0,0.5*ROUNDUP(2*((AA30-MIN($W30:$AI30))/(MAX($W30:$AI30)-MIN($W30:$AI30))*($AM30-$AL30+IF(U30>10,1,0))+$AL30),0),0))),"") | AS30: =IF(AB30<>"",MIN($AM30,MAX($AL30,IF($AJ30>0,0.5*ROUNDUP(2*((AB30-MIN($W30:$AI30))/(MAX($W30:$AI30)-MIN($W30:$AI30))*($AM30-$AL30+IF(V30>10,1,0))+$AL30),0),0))),"") | AT30: =IF(AC30<>"",MIN($AM30,MAX($AL30,IF($AJ30>0,0.5*ROUNDUP(2*((AC30-MIN($W30:$AI30))/(MAX($W30:$AI30)-MIN($W30:$AI30))*($AM30-$AL30+IF(W30>10,1,0))+$AL30),0),0))),"") | AU30: =IF(AD30<>"",MIN($AM30,MAX($AL30,IF($AJ30>0,0.5*ROUNDUP(2*((AD30-MIN($W30:$AI30))/(MAX($W30:$AI30)-MIN($W30:$AI30))*($AM30-$AL30+IF(X30>10,1,0))+$AL30),0),0))),"") | ... AZ30: =IF(AI30<>"",MIN($AM30,MAX($AL30,IF($AJ30>0,0.5*ROUNDUP(2*((AI30-MIN($W30:$AI30))/(MAX($W30:$AI30)-MIN($W30:$AI30))*($AM30-$AL30+IF(AC30>10,1,0))+$AL30),0),0))),"") | BA30: =IF(ISNUMBER(AJ30),ROUND(2*AVERAGE(AN30:AZ30),0)/2,"")
R31: =ROUNDDOWN(2*(SUMPRODUCT(C$4:P$4,C31:P31)/SUM(C$4:P$4)*20+Q31),0)/2 -> 0 | W31: =IF(COUNT(D31:Q31)>0,ROUND(2*SUM(N31:Q31)/7*20,0)/2,"") | X31: =IF(AND(X$3<>"",$W31<>""),ROUND(2*($R31*(COUNT($X$3:$AI$3)+1)-$W31)*X$3,0)/2,"") | Y31: =IF(AND(Y$3<>"",$W31<>""),ROUND(2*($R31*(COUNT($X$3:$AI$3)+1)-$W31)*Y$3,0)/2,"") | Z31: =IF(AND(Z$3<>"",$W31<>""),ROUND(2*($R31*(COUNT($X$3:$AI$3)+1)-$W31)*Z$3,0)/2,"") | AA31: =IF(AND(AA$3<>"",$W31<>""),ROUND(2*($R31*(COUNT($X$3:$AI$3)+1)-$W31)*AA$3,0)/2,"") | AB31: =IF(AND(AB$3<>"",$W31<>""),ROUND(2*($R31*(COUNT($X$3:$AI$3)+1)-$W31)*AB$3,0)/2,"") | AC31: =IF(AND(AC$3<>"",$W31<>""),ROUND(2*($R31*(COUNT($X$3:$AI$3)+1)-$W31)*AC$3,0)/2,"") | AD31: =IF(AND(AD$3<>"",$W31<>""),ROUND(2*($R31*(COUNT($X$3:$AI$3)+1)-$W31)*AD$3,0)/2,"") | AE31: =IF(AND(AE$3<>"",$W31<>""),ROUND(2*($R31*(COUNT($X$3:$AI$3)+1)-$W31)*AE$3,0)/2,"") | ... AI31: =IF(AND(AI$3<>"",$W31<>""),ROUND(2*($R31*(COUNT($X$3:$AI$3)+1)-$W31)*AI$3,0)/2,"") | AJ31: =IF(COUNT(W31:AI31)>0,ROUND(2*AVERAGE(W31:AE31),0)/2,"") | AL31: =IF(R31<10,MAX(0,2*R31-10),MAX(10,2*R31-20)) -> 0 | AM31: =2*R31-AL31 -> 0 | AN31: =IF(W31<>"",MIN($AM31,MAX($AL31,IF($AJ31>0,0.5*ROUNDUP(2*((W31-MIN($W31:$AI31))/(MAX($W31:$AI31)-MIN($W31:$AI31))*($AM31-$AL31+IF(Q31>10,1,0))+$AL31),0),0))),"") | AO31: =IF(X31<>"",MIN($AM31,MAX($AL31,IF($AJ31>0,0.5*ROUNDUP(2*((X31-MIN($W31:$AI31))/(MAX($W31:$AI31)-MIN($W31:$AI31))*($AM31-$AL31+IF(R31>10,1,0))+$AL31),0),0))),"") | AP31: =IF(Y31<>"",MIN($AM31,MAX($AL31,IF($AJ31>0,0.5*ROUNDUP(2*((Y31-MIN($W31:$AI31))/(MAX($W31:$AI31)-MIN($W31:$AI31))*($AM31-$AL31+IF(S31>10,1,0))+$AL31),0),0))),"") | AQ31: =IF(Z31<>"",MIN($AM31,MAX($AL31,IF($AJ31>0,0.5*ROUNDUP(2*((Z31-MIN($W31:$AI31))/(MAX($W31:$AI31)-MIN($W31:$AI31))*($AM31-$AL31+IF(T31>10,1,0))+$AL31),0),0))),"") | AR31: =IF(AA31<>"",MIN($AM31,MAX($AL31,IF($AJ31>0,0.5*ROUNDUP(2*((AA31-MIN($W31:$AI31))/(MAX($W31:$AI31)-MIN($W31:$AI31))*($AM31-$AL31+IF(U31>10,1,0))+$AL31),0),0))),"") | AS31: =IF(AB31<>"",MIN($AM31,MAX($AL31,IF($AJ31>0,0.5*ROUNDUP(2*((AB31-MIN($W31:$AI31))/(MAX($W31:$AI31)-MIN($W31:$AI31))*($AM31-$AL31+IF(V31>10,1,0))+$AL31),0),0))),"") | AT31: =IF(AC31<>"",MIN($AM31,MAX($AL31,IF($AJ31>0,0.5*ROUNDUP(2*((AC31-MIN($W31:$AI31))/(MAX($W31:$AI31)-MIN($W31:$AI31))*($AM31-$AL31+IF(W31>10,1,0))+$AL31),0),0))),"") | AU31: =IF(AD31<>"",MIN($AM31,MAX($AL31,IF($AJ31>0,0.5*ROUNDUP(2*((AD31-MIN($W31:$AI31))/(MAX($W31:$AI31)-MIN($W31:$AI31))*($AM31-$AL31+IF(X31>10,1,0))+$AL31),0),0))),"") | ... AZ31: =IF(AI31<>"",MIN($AM31,MAX($AL31,IF($AJ31>0,0.5*ROUNDUP(2*((AI31-MIN($W31:$AI31))/(MAX($W31:$AI31)-MIN($W31:$AI31))*($AM31-$AL31+IF(AC31>10,1,0))+$AL31),0),0))),"") | BA31: =IF(ISNUMBER(AJ31),ROUND(2*AVERAGE(AN31:AZ31),0)/2,"")
R32: =ROUNDDOWN(2*(SUMPRODUCT(C$4:P$4,C32:P32)/SUM(C$4:P$4)*20+Q32),0)/2 -> 0 | W32: =IF(COUNT(D32:Q32)>0,ROUND(2*SUM(N32:Q32)/7*20,0)/2,"") | X32: =IF(AND(X$3<>"",$W32<>""),ROUND(2*($R32*(COUNT($X$3:$AI$3)+1)-$W32)*X$3,0)/2,"") | Y32: =IF(AND(Y$3<>"",$W32<>""),ROUND(2*($R32*(COUNT($X$3:$AI$3)+1)-$W32)*Y$3,0)/2,"") | Z32: =IF(AND(Z$3<>"",$W32<>""),ROUND(2*($R32*(COUNT($X$3:$AI$3)+1)-$W32)*Z$3,0)/2,"") | AA32: =IF(AND(AA$3<>"",$W32<>""),ROUND(2*($R32*(COUNT($X$3:$AI$3)+1)-$W32)*AA$3,0)/2,"") | AB32: =IF(AND(AB$3<>"",$W32<>""),ROUND(2*($R32*(COUNT($X$3:$AI$3)+1)-$W32)*AB$3,0)/2,"") | AC32: =IF(AND(AC$3<>"",$W32<>""),ROUND(2*($R32*(COUNT($X$3:$AI$3)+1)-$W32)*AC$3,0)/2,"") | AD32: =IF(AND(AD$3<>"",$W32<>""),ROUND(2*($R32*(COUNT($X$3:$AI$3)+1)-$W32)*AD$3,0)/2,"") | AE32: =IF(AND(AE$3<>"",$W32<>""),ROUND(2*($R32*(COUNT($X$3:$AI$3)+1)-$W32)*AE$3,0)/2,"") | ... AI32: =IF(AND(AI$3<>"",$W32<>""),ROUND(2*($R32*(COUNT($X$3:$AI$3)+1)-$W32)*AI$3,0)/2,"") | AJ32: =IF(COUNT(W32:AI32)>0,ROUND(2*AVERAGE(W32:AE32),0)/2,"") | AL32: =IF(R32<10,MAX(0,2*R32-10),MAX(10,2*R32-20)) -> 0 | AM32: =2*R32-AL32 -> 0 | AN32: =IF(W32<>"",MIN($AM32,MAX($AL32,IF($AJ32>0,0.5*ROUNDUP(2*((W32-MIN($W32:$AI32))/(MAX($W32:$AI32)-MIN($W32:$AI32))*($AM32-$AL32+IF(Q32>10,1,0))+$AL32),0),0))),"") | AO32: =IF(X32<>"",MIN($AM32,MAX($AL32,IF($AJ32>0,0.5*ROUNDUP(2*((X32-MIN($W32:$AI32))/(MAX($W32:$AI32)-MIN($W32:$AI32))*($AM32-$AL32+IF(R32>10,1,0))+$AL32),0),0))),"") | AP32: =IF(Y32<>"",MIN($AM32,MAX($AL32,IF($AJ32>0,0.5*ROUNDUP(2*((Y32-MIN($W32:$AI32))/(MAX($W32:$AI32)-MIN($W32:$AI32))*($AM32-$AL32+IF(S32>10,1,0))+$AL32),0),0))),"") | AQ32: =IF(Z32<>"",MIN($AM32,MAX($AL32,IF($AJ32>0,0.5*ROUNDUP(2*((Z32-MIN($W32:$AI32))/(MAX($W32:$AI32)-MIN($W32:$AI32))*($AM32-$AL32+IF(T32>10,1,0))+$AL32),0),0))),"") | AR32: =IF(AA32<>"",MIN($AM32,MAX($AL32,IF($AJ32>0,0.5*ROUNDUP(2*((AA32-MIN($W32:$AI32))/(MAX($W32:$AI32)-MIN($W32:$AI32))*($AM32-$AL32+IF(U32>10,1,0))+$AL32),0),0))),"") | AS32: =IF(AB32<>"",MIN($AM32,MAX($AL32,IF($AJ32>0,0.5*ROUNDUP(2*((AB32-MIN($W32:$AI32))/(MAX($W32:$AI32)-MIN($W32:$AI32))*($AM32-$AL32+IF(V32>10,1,0))+$AL32),0),0))),"") | AT32: =IF(AC32<>"",MIN($AM32,MAX($AL32,IF($AJ32>0,0.5*ROUNDUP(2*((AC32-MIN($W32:$AI32))/(MAX($W32:$AI32)-MIN($W32:$AI32))*($AM32-$AL32+IF(W32>10,1,0))+$AL32),0),0))),"") | AU32: =IF(AD32<>"",MIN($AM32,MAX($AL32,IF($AJ32>0,0.5*ROUNDUP(2*((AD32-MIN($W32:$AI32))/(MAX($W32:$AI32)-MIN($W32:$AI32))*($AM32-$AL32+IF(X32>10,1,0))+$AL32),0),0))),"") | ... AZ32: =IF(AI32<>"",MIN($AM32,MAX($AL32,IF($AJ32>0,0.5*ROUNDUP(2*((AI32-MIN($W32:$AI32))/(MAX($W32:$AI32)-MIN($W32:$AI32))*($AM32-$AL32+IF(AC32>10,1,0))+$AL32),0),0))),"") | BA32: =IF(ISNUMBER(AJ32),ROUND(2*AVERAGE(AN32:AZ32),0)/2,"")
R33: =ROUNDDOWN(2*(SUMPRODUCT(C$4:P$4,C33:P33)/SUM(C$4:P$4)*20+Q33),0)/2 -> 0 | W33: =IF(COUNT(D33:Q33)>0,ROUND(2*SUM(N33:Q33)/7*20,0)/2,"") | X33: =IF(AND(X$3<>"",$W33<>""),ROUND(2*($R33*(COUNT($X$3:$AI$3)+1)-$W33)*X$3,0)/2,"") | Y33: =IF(AND(Y$3<>"",$W33<>""),ROUND(2*($R33*(COUNT($X$3:$AI$3)+1)-$W33)*Y$3,0)/2,"") | Z33: =IF(AND(Z$3<>"",$W33<>""),ROUND(2*($R33*(COUNT($X$3:$AI$3)+1)-$W33)*Z$3,0)/2,"") | AA33: =IF(AND(AA$3<>"",$W33<>""),ROUND(2*($R33*(COUNT($X$3:$AI$3)+1)-$W33)*AA$3,0)/2,"") | AB33: =IF(AND(AB$3<>"",$W33<>""),ROUND(2*($R33*(COUNT($X$3:$AI$3)+1)-$W33)*AB$3,0)/2,"") | AC33: =IF(AND(AC$3<>"",$W33<>""),ROUND(2*($R33*(COUNT($X$3:$AI$3)+1)-$W33)*AC$3,0)/2,"") | AD33: =IF(AND(AD$3<>"",$W33<>""),ROUND(2*($R33*(COUNT($X$3:$AI$3)+1)-$W33)*AD$3,0)/2,"") | AE33: =IF(AND(AE$3<>"",$W33<>""),ROUND(2*($R33*(COUNT($X$3:$AI$3)+1)-$W33)*AE$3,0)/2,"") | ... AI33: =IF(AND(AI$3<>"",$W33<>""),ROUND(2*($R33*(COUNT($X$3:$AI$3)+1)-$W33)*AI$3,0)/2,"") | AJ33: =IF(COUNT(W33:AI33)>0,ROUND(2*AVERAGE(W33:AE33),0)/2,"") | AL33: =IF(R33<10,MAX(0,2*R33-10),MAX(10,2*R33-20)) -> 0 | AM33: =2*R33-AL33 -> 0 | AN33: =IF(W33<>"",MIN($AM33,MAX($AL33,IF($AJ33>0,0.5*ROUNDUP(2*((W33-MIN($W33:$AI33))/(MAX($W33:$AI33)-MIN($W33:$AI33))*($AM33-$AL33+IF(Q33>10,1,0))+$AL33),0),0))),"") | AO33: =IF(X33<>"",MIN($AM33,MAX($AL33,IF($AJ33>0,0.5*ROUNDUP(2*((X33-MIN($W33:$AI33))/(MAX($W33:$AI33)-MIN($W33:$AI33))*($AM33-$AL33+IF(R33>10,1,0))+$AL33),0),0))),"") | AP33: =IF(Y33<>"",MIN($AM33,MAX($AL33,IF($AJ33>0,0.5*ROUNDUP(2*((Y33-MIN($W33:$AI33))/(MAX($W33:$AI33)-MIN($W33:$AI33))*($AM33-$AL33+IF(S33>10,1,0))+$AL33),0),0))),"") | AQ33: =IF(Z33<>"",MIN($AM33,MAX($AL33,IF($AJ33>0,0.5*ROUNDUP(2*((Z33-MIN($W33:$AI33))/(MAX($W33:$AI33)-MIN($W33:$AI33))*($AM33-$AL33+IF(T33>10,1,0))+$AL33),0),0))),"") | AR33: =IF(AA33<>"",MIN($AM33,MAX($AL33,IF($AJ33>0,0.5*ROUNDUP(2*((AA33-MIN($W33:$AI33))/(MAX($W33:$AI33)-MIN($W33:$AI33))*($AM33-$AL33+IF(U33>10,1,0))+$AL33),0),0))),"") | AS33: =IF(AB33<>"",MIN($AM33,MAX($AL33,IF($AJ33>0,0.5*ROUNDUP(2*((AB33-MIN($W33:$AI33))/(MAX($W33:$AI33)-MIN($W33:$AI33))*($AM33-$AL33+IF(V33>10,1,0))+$AL33),0),0))),"") | AT33: =IF(AC33<>"",MIN($AM33,MAX($AL33,IF($AJ33>0,0.5*ROUNDUP(2*((AC33-MIN($W33:$AI33))/(MAX($W33:$AI33)-MIN($W33:$AI33))*($AM33-$AL33+IF(W33>10,1,0))+$AL33),0),0))),"") | AU33: =IF(AD33<>"",MIN($AM33,MAX($AL33,IF($AJ33>0,0.5*ROUNDUP(2*((AD33-MIN($W33:$AI33))/(MAX($W33:$AI33)-MIN($W33:$AI33))*($AM33-$AL33+IF(X33>10,1,0))+$AL33),0),0))),"") | ... AZ33: =IF(AI33<>"",MIN($AM33,MAX($AL33,IF($AJ33>0,0.5*ROUNDUP(2*((AI33-MIN($W33:$AI33))/(MAX($W33:$AI33)-MIN($W33:$AI33))*($AM33-$AL33+IF(AC33>10,1,0))+$AL33),0),0))),"") | BA33: =IF(ISNUMBER(AJ33),ROUND(2*AVERAGE(AN33:AZ33),0)/2,"")
R34: =ROUNDDOWN(2*(SUMPRODUCT(C$4:P$4,C34:P34)/SUM(C$4:P$4)*20+Q34),0)/2 -> 0 | W34: =IF(COUNT(D34:Q34)>0,ROUND(2*SUM(N34:Q34)/7*20,0)/2,"") | X34: =IF(AND(X$3<>"",$W34<>""),ROUND(2*($R34*(COUNT($X$3:$AI$3)+1)-$W34)*X$3,0)/2,"") | Y34: =IF(AND(Y$3<>"",$W34<>""),ROUND(2*($R34*(COUNT($X$3:$AI$3)+1)-$W34)*Y$3,0)/2,"") | Z34: =IF(AND(Z$3<>"",$W34<>""),ROUND(2*($R34*(COUNT($X$3:$AI$3)+1)-$W34)*Z$3,0)/2,"") | AA34: =IF(AND(AA$3<>"",$W34<>""),ROUND(2*($R34*(COUNT($X$3:$AI$3)+1)-$W34)*AA$3,0)/2,"") | AB34: =IF(AND(AB$3<>"",$W34<>""),ROUND(2*($R34*(COUNT($X$3:$AI$3)+1)-$W34)*AB$3,0)/2,"") | AC34: =IF(AND(AC$3<>"",$W34<>""),ROUND(2*($R34*(COUNT($X$3:$AI$3)+1)-$W34)*AC$3,0)/2,"") | AD34: =IF(AND(AD$3<>"",$W34<>""),ROUND(2*($R34*(COUNT($X$3:$AI$3)+1)-$W34)*AD$3,0)/2,"") | AE34: =IF(AND(AE$3<>"",$W34<>""),ROUND(2*($R34*(COUNT($X$3:$AI$3)+1)-$W34)*AE$3,0)/2,"") | ... AI34: =IF(AND(AI$3<>"",$W34<>""),ROUND(2*($R34*(COUNT($X$3:$AI$3)+1)-$W34)*AI$3,0)/2,"") | AJ34: =IF(COUNT(W34:AI34)>0,ROUND(2*AVERAGE(W34:AE34),0)/2,"") | AL34: =IF(R34<10,MAX(0,2*R34-10),MAX(10,2*R34-20)) -> 0 | AM34: =2*R34-AL34 -> 0 | AN34: =IF(W34<>"",MIN($AM34,MAX($AL34,IF($AJ34>0,0.5*ROUNDUP(2*((W34-MIN($W34:$AI34))/(MAX($W34:$AI34)-MIN($W34:$AI34))*($AM34-$AL34+IF(Q34>10,1,0))+$AL34),0),0))),"") | AO34: =IF(X34<>"",MIN($AM34,MAX($AL34,IF($AJ34>0,0.5*ROUNDUP(2*((X34-MIN($W34:$AI34))/(MAX($W34:$AI34)-MIN($W34:$AI34))*($AM34-$AL34+IF(R34>10,1,0))+$AL34),0),0))),"") | AP34: =IF(Y34<>"",MIN($AM34,MAX($AL34,IF($AJ34>0,0.5*ROUNDUP(2*((Y34-MIN($W34:$AI34))/(MAX($W34:$AI34)-MIN($W34:$AI34))*($AM34-$AL34+IF(S34>10,1,0))+$AL34),0),0))),"") | AQ34: =IF(Z34<>"",MIN($AM34,MAX($AL34,IF($AJ34>0,0.5*ROUNDUP(2*((Z34-MIN($W34:$AI34))/(MAX($W34:$AI34)-MIN($W34:$AI34))*($AM34-$AL34+IF(T34>10,1,0))+$AL34),0),0))),"") | AR34: =IF(AA34<>"",MIN($AM34,MAX($AL34,IF($AJ34>0,0.5*ROUNDUP(2*((AA34-MIN($W34:$AI34))/(MAX($W34:$AI34)-MIN($W34:$AI34))*($AM34-$AL34+IF(U34>10,1,0))+$AL34),0),0))),"") | AS34: =IF(AB34<>"",MIN($AM34,MAX($AL34,IF($AJ34>0,0.5*ROUNDUP(2*((AB34-MIN($W34:$AI34))/(MAX($W34:$AI34)-MIN($W34:$AI34))*($AM34-$AL34+IF(V34>10,1,0))+$AL34),0),0))),"") | AT34: =IF(AC34<>"",MIN($AM34,MAX($AL34,IF($AJ34>0,0.5*ROUNDUP(2*((AC34-MIN($W34:$AI34))/(MAX($W34:$AI34)-MIN($W34:$AI34))*($AM34-$AL34+IF(W34>10,1,0))+$AL34),0),0))),"") | AU34: =IF(AD34<>"",MIN($AM34,MAX($AL34,IF($AJ34>0,0.5*ROUNDUP(2*((AD34-MIN($W34:$AI34))/(MAX($W34:$AI34)-MIN($W34:$AI34))*($AM34-$AL34+IF(X34>10,1,0))+$AL34),0),0))),"") | ... AZ34: =IF(AI34<>"",MIN($AM34,MAX($AL34,IF($AJ34>0,0.5*ROUNDUP(2*((AI34-MIN($W34:$AI34))/(MAX($W34:$AI34)-MIN($W34:$AI34))*($AM34-$AL34+IF(AC34>10,1,0))+$AL34),0),0))),"") | BA34: =IF(ISNUMBER(AJ34),ROUND(2*AVERAGE(AN34:AZ34),0)/2,"")
A35: 6 | R35: =ROUNDDOWN(2*(SUMPRODUCT(C$4:P$4,C35:P35)/SUM(C$4:P$4)*20+Q35),0)/2 -> 0 | W35: =IF(COUNT(D35:Q35)>0,ROUND(2*SUM(N35:Q35)/7*20,0)/2,"") | X35: =IF(AND(X$3<>"",$W35<>""),ROUND(2*($R35*(COUNT($X$3:$AI$3)+1)-$W35)*X$3,0)/2,"") | Y35: =IF(AND(Y$3<>"",$W35<>""),ROUND(2*($R35*(COUNT($X$3:$AI$3)+1)-$W35)*Y$3,0)/2,"") | Z35: =IF(AND(Z$3<>"",$W35<>""),ROUND(2*($R35*(COUNT($X$3:$AI$3)+1)-$W35)*Z$3,0)/2,"") | AA35: =IF(AND(AA$3<>"",$W35<>""),ROUND(2*($R35*(COUNT($X$3:$AI$3)+1)-$W35)*AA$3,0)/2,"") | AB35: =IF(AND(AB$3<>"",$W35<>""),ROUND(2*($R35*(COUNT($X$3:$AI$3)+1)-$W35)*AB$3,0)/2,"") | AC35: =IF(AND(AC$3<>"",$W35<>""),ROUND(2*($R35*(COUNT($X$3:$AI$3)+1)-$W35)*AC$3,0)/2,"") | AD35: =IF(AND(AD$3<>"",$W35<>""),ROUND(2*($R35*(COUNT($X$3:$AI$3)+1)-$W35)*AD$3,0)/2,"") | AE35: =IF(AND(AE$3<>"",$W35<>""),ROUND(2*($R35*(COUNT($X$3:$AI$3)+1)-$W35)*AE$3,0)/2,"") | ... AI35: =IF(AND(AI$3<>"",$W35<>""),ROUND(2*($R35*(COUNT($X$3:$AI$3)+1)-$W35)*AI$3,0)/2,"") | AJ35: =IF(COUNT(W35:AI35)>0,ROUND(2*AVERAGE(W35:AE35),0)/2,"") | AL35: =IF(R35<10,MAX(0,2*R35-10),MAX(10,2*R35-20)) -> 0 | AM35: =2*R35-AL35 -> 0 | AN35: =IF(W35<>"",MIN($AM35,MAX($AL35,IF($AJ35>0,0.5*ROUNDUP(2*((W35-MIN($W35:$AI35))/(MAX($W35:$AI35)-MIN($W35:$AI35))*($AM35-$AL35+IF(Q35>10,1,0))+$AL35),0),0))),"") | AO35: =IF(X35<>"",MIN($AM35,MAX($AL35,IF($AJ35>0,0.5*ROUNDUP(2*((X35-MIN($W35:$AI35))/(MAX($W35:$AI35)-MIN($W35:$AI35))*($AM35-$AL35+IF(R35>10,1,0))+$AL35),0),0))),"") | AP35: =IF(Y35<>"",MIN($AM35,MAX($AL35,IF($AJ35>0,0.5*ROUNDUP(2*((Y35-MIN($W35:$AI35))/(MAX($W35:$AI35)-MIN($W35:$AI35))*($AM35-$AL35+IF(S35>10,1,0))+$AL35),0),0))),"") | AQ35: =IF(Z35<>"",MIN($AM35,MAX($AL35,IF($AJ35>0,0.5*ROUNDUP(2*((Z35-MIN($W35:$AI35))/(MAX($W35:$AI35)-MIN($W35:$AI35))*($AM35-$AL35+IF(T35>10,1,0))+$AL35),0),0))),"") | AR35: =IF(AA35<>"",MIN($AM35,MAX($AL35,IF($AJ35>0,0.5*ROUNDUP(2*((AA35-MIN($W35:$AI35))/(MAX($W35:$AI35)-MIN($W35:$AI35))*($AM35-$AL35+IF(U35>10,1,0))+$AL35),0),0))),"") | AS35: =IF(AB35<>"",MIN($AM35,MAX($AL35,IF($AJ35>0,0.5*ROUNDUP(2*((AB35-MIN($W35:$AI35))/(MAX($W35:$AI35)-MIN($W35:$AI35))*($AM35-$AL35+IF(V35>10,1,0))+$AL35),0),0))),"") | AT35: =IF(AC35<>"",MIN($AM35,MAX($AL35,IF($AJ35>0,0.5*ROUNDUP(2*((AC35-MIN($W35:$AI35))/(MAX($W35:$AI35)-MIN($W35:$AI35))*($AM35-$AL35+IF(W35>10,1,0))+$AL35),0),0))),"") | AU35: =IF(AD35<>"",MIN($AM35,MAX($AL35,IF($AJ35>0,0.5*ROUNDUP(2*((AD35-MIN($W35:$AI35))/(MAX($W35:$AI35)-MIN($W35:$AI35))*($AM35-$AL35+IF(X35>10,1,0))+$AL35),0),0))),"") | ... AZ35: =IF(AI35<>"",MIN($AM35,MAX($AL35,IF($AJ35>0,0.5*ROUNDUP(2*((AI35-MIN($W35:$AI35))/(MAX($W35:$AI35)-MIN($W35:$AI35))*($AM35-$AL35+IF(AC35>10,1,0))+$AL35),0),0))),"") | BA35: =IF(ISNUMBER(AJ35),ROUND(2*AVERAGE(AN35:AZ35),0)/2,"")
R36: =ROUNDDOWN(2*(SUMPRODUCT(C$4:P$4,C36:P36)/SUM(C$4:P$4)*20+Q36),0)/2 -> 0 | W36: =IF(COUNT(D36:Q36)>0,ROUND(2*SUM(N36:Q36)/7*20,0)/2,"") | X36: =IF(AND(X$3<>"",$W36<>""),ROUND(2*($R36*(COUNT($X$3:$AI$3)+1)-$W36)*X$3,0)/2,"") | Y36: =IF(AND(Y$3<>"",$W36<>""),ROUND(2*($R36*(COUNT($X$3:$AI$3)+1)-$W36)*Y$3,0)/2,"") | Z36: =IF(AND(Z$3<>"",$W36<>""),ROUND(2*($R36*(COUNT($X$3:$AI$3)+1)-$W36)*Z$3,0)/2,"") | AA36: =IF(AND(AA$3<>"",$W36<>""),ROUND(2*($R36*(COUNT($X$3:$AI$3)+1)-$W36)*AA$3,0)/2,"") | AB36: =IF(AND(AB$3<>"",$W36<>""),ROUND(2*($R36*(COUNT($X$3:$AI$3)+1)-$W36)*AB$3,0)/2,"") | AC36: =IF(AND(AC$3<>"",$W36<>""),ROUND(2*($R36*(COUNT($X$3:$AI$3)+1)-$W36)*AC$3,0)/2,"") | AD36: =IF(AND(AD$3<>"",$W36<>""),ROUND(2*($R36*(COUNT($X$3:$AI$3)+1)-$W36)*AD$3,0)/2,"") | AE36: =IF(AND(AE$3<>"",$W36<>""),ROUND(2*($R36*(COUNT($X$3:$AI$3)+1)-$W36)*AE$3,0)/2,"") | ... AI36: =IF(AND(AI$3<>"",$W36<>""),ROUND(2*($R36*(COUNT($X$3:$AI$3)+1)-$W36)*AI$3,0)/2,"") | AJ36: =IF(COUNT(W36:AI36)>0,ROUND(2*AVERAGE(W36:AE36),0)/2,"") | AL36: =IF(R36<10,MAX(0,2*R36-10),MAX(10,2*R36-20)) -> 0 | AM36: =2*R36-AL36 -> 0 | AN36: =IF(W36<>"",MIN($AM36,MAX($AL36,IF($AJ36>0,0.5*ROUNDUP(2*((W36-MIN($W36:$AI36))/(MAX($W36:$AI36)-MIN($W36:$AI36))*($AM36-$AL36+IF(Q36>10,1,0))+$AL36),0),0))),"") | AO36: =IF(X36<>"",MIN($AM36,MAX($AL36,IF($AJ36>0,0.5*ROUNDUP(2*((X36-MIN($W36:$AI36))/(MAX($W36:$AI36)-MIN($W36:$AI36))*($AM36-$AL36+IF(R36>10,1,0))+$AL36),0),0))),"") | AP36: =IF(Y36<>"",MIN($AM36,MAX($AL36,IF($AJ36>0,0.5*ROUNDUP(2*((Y36-MIN($W36:$AI36))/(MAX($W36:$AI36)-MIN($W36:$AI36))*($AM36-$AL36+IF(S36>10,1,0))+$AL36),0),0))),"") | AQ36: =IF(Z36<>"",MIN($AM36,MAX($AL36,IF($AJ36>0,0.5*ROUNDUP(2*((Z36-MIN($W36:$AI36))/(MAX($W36:$AI36)-MIN($W36:$AI36))*($AM36-$AL36+IF(T36>10,1,0))+$AL36),0),0))),"") | AR36: =IF(AA36<>"",MIN($AM36,MAX($AL36,IF($AJ36>0,0.5*ROUNDUP(2*((AA36-MIN($W36:$AI36))/(MAX($W36:$AI36)-MIN($W36:$AI36))*($AM36-$AL36+IF(U36>10,1,0))+$AL36),0),0))),"") | AS36: =IF(AB36<>"",MIN($AM36,MAX($AL36,IF($AJ36>0,0.5*ROUNDUP(2*((AB36-MIN($W36:$AI36))/(MAX($W36:$AI36)-MIN($W36:$AI36))*($AM36-$AL36+IF(V36>10,1,0))+$AL36),0),0))),"") | AT36: =IF(AC36<>"",MIN($AM36,MAX($AL36,IF($AJ36>0,0.5*ROUNDUP(2*((AC36-MIN($W36:$AI36))/(MAX($W36:$AI36)-MIN($W36:$AI36))*($AM36-$AL36+IF(W36>10,1,0))+$AL36),0),0))),"") | AU36: =IF(AD36<>"",MIN($AM36,MAX($AL36,IF($AJ36>0,0.5*ROUNDUP(2*((AD36-MIN($W36:$AI36))/(MAX($W36:$AI36)-MIN($W36:$AI36))*($AM36-$AL36+IF(X36>10,1,0))+$AL36),0),0))),"") | ... AZ36: =IF(AI36<>"",MIN($AM36,MAX($AL36,IF($AJ36>0,0.5*ROUNDUP(2*((AI36-MIN($W36:$AI36))/(MAX($W36:$AI36)-MIN($W36:$AI36))*($AM36-$AL36+IF(AC36>10,1,0))+$AL36),0),0))),"") | BA36: =IF(ISNUMBER(AJ36),ROUND(2*AVERAGE(AN36:AZ36),0)/2,"")
R37: =ROUNDDOWN(2*(SUMPRODUCT(C$4:P$4,C37:P37)/SUM(C$4:P$4)*20+Q37),0)/2 -> 0 | W37: =IF(COUNT(D37:Q37)>0,ROUND(2*SUM(N37:Q37)/7*20,0)/2,"") | X37: =IF(AND(X$3<>"",$W37<>""),ROUND(2*($R37*(COUNT($X$3:$AI$3)+1)-$W37)*X$3,0)/2,"") | Y37: =IF(AND(Y$3<>"",$W37<>""),ROUND(2*($R37*(COUNT($X$3:$AI$3)+1)-$W37)*Y$3,0)/2,"") | Z37: =IF(AND(Z$3<>"",$W37<>""),ROUND(2*($R37*(COUNT($X$3:$AI$3)+1)-$W37)*Z$3,0)/2,"") | AA37: =IF(AND(AA$3<>"",$W37<>""),ROUND(2*($R37*(COUNT($X$3:$AI$3)+1)-$W37)*AA$3,0)/2,"") | AB37: =IF(AND(AB$3<>"",$W37<>""),ROUND(2*($R37*(COUNT($X$3:$AI$3)+1)-$W37)*AB$3,0)/2,"") | AC37: =IF(AND(AC$3<>"",$W37<>""),ROUND(2*($R37*(COUNT($X$3:$AI$3)+1)-$W37)*AC$3,0)/2,"") | AD37: =IF(AND(AD$3<>"",$W37<>""),ROUND(2*($R37*(COUNT($X$3:$AI$3)+1)-$W37)*AD$3,0)/2,"") | AE37: =IF(AND(AE$3<>"",$W37<>""),ROUND(2*($R37*(COUNT($X$3:$AI$3)+1)-$W37)*AE$3,0)/2,"") | ... AI37: =IF(AND(AI$3<>"",$W37<>""),ROUND(2*($R37*(COUNT($X$3:$AI$3)+1)-$W37)*AI$3,0)/2,"") | AJ37: =IF(COUNT(W37:AI37)>0,ROUND(2*AVERAGE(W37:AE37),0)/2,"") | AL37: =IF(R37<10,MAX(0,2*R37-10),MAX(10,2*R37-20)) -> 0 | AM37: =2*R37-AL37 -> 0 | AN37: =IF(W37<>"",MIN($AM37,MAX($AL37,IF($AJ37>0,0.5*ROUNDUP(2*((W37-MIN($W37:$AI37))/(MAX($W37:$AI37)-MIN($W37:$AI37))*($AM37-$AL37+IF(Q37>10,1,0))+$AL37),0),0))),"") | AO37: =IF(X37<>"",MIN($AM37,MAX($AL37,IF($AJ37>0,0.5*ROUNDUP(2*((X37-MIN($W37:$AI37))/(MAX($W37:$AI37)-MIN($W37:$AI37))*($AM37-$AL37+IF(R37>10,1,0))+$AL37),0),0))),"") | AP37: =IF(Y37<>"",MIN($AM37,MAX($AL37,IF($AJ37>0,0.5*ROUNDUP(2*((Y37-MIN($W37:$AI37))/(MAX($W37:$AI37)-MIN($W37:$AI37))*($AM37-$AL37+IF(S37>10,1,0))+$AL37),0),0))),"") | AQ37: =IF(Z37<>"",MIN($AM37,MAX($AL37,IF($AJ37>0,0.5*ROUNDUP(2*((Z37-MIN($W37:$AI37))/(MAX($W37:$AI37)-MIN($W37:$AI37))*($AM37-$AL37+IF(T37>10,1,0))+$AL37),0),0))),"") | AR37: =IF(AA37<>"",MIN($AM37,MAX($AL37,IF($AJ37>0,0.5*ROUNDUP(2*((AA37-MIN($W37:$AI37))/(MAX($W37:$AI37)-MIN($W37:$AI37))*($AM37-$AL37+IF(U37>10,1,0))+$AL37),0),0))),"") | AS37: =IF(AB37<>"",MIN($AM37,MAX($AL37,IF($AJ37>0,0.5*ROUNDUP(2*((AB37-MIN($W37:$AI37))/(MAX($W37:$AI37)-MIN($W37:$AI37))*($AM37-$AL37+IF(V37>10,1,0))+$AL37),0),0))),"") | AT37: =IF(AC37<>"",MIN($AM37,MAX($AL37,IF($AJ37>0,0.5*ROUNDUP(2*((AC37-MIN($W37:$AI37))/(MAX($W37:$AI37)-MIN($W37:$AI37))*($AM37-$AL37+IF(W37>10,1,0))+$AL37),0),0))),"") | AU37: =IF(AD37<>"",MIN($AM37,MAX($AL37,IF($AJ37>0,0.5*ROUNDUP(2*((AD37-MIN($W37:$AI37))/(MAX($W37:$AI37)-MIN($W37:$AI37))*($AM37-$AL37+IF(X37>10,1,0))+$AL37),0),0))),"") | ... AZ37: =IF(AI37<>"",MIN($AM37,MAX($AL37,IF($AJ37>0,0.5*ROUNDUP(2*((AI37-MIN($W37:$AI37))/(MAX($W37:$AI37)-MIN($W37:$AI37))*($AM37-$AL37+IF(AC37>10,1,0))+$AL37),0),0))),"") | BA37: =IF(ISNUMBER(AJ37),ROUND(2*AVERAGE(AN37:AZ37),0)/2,"")
R38: =ROUNDDOWN(2*(SUMPRODUCT(C$4:P$4,C38:P38)/SUM(C$4:P$4)*20+Q38),0)/2 -> 0 | W38: =IF(COUNT(D38:Q38)>0,ROUND(2*SUM(N38:Q38)/7*20,0)/2,"") | X38: =IF(AND(X$3<>"",$W38<>""),ROUND(2*($R38*(COUNT($X$3:$AI$3)+1)-$W38)*X$3,0)/2,"") | Y38: =IF(AND(Y$3<>"",$W38<>""),ROUND(2*($R38*(COUNT($X$3:$AI$3)+1)-$W38)*Y$3,0)/2,"") | Z38: =IF(AND(Z$3<>"",$W38<>""),ROUND(2*($R38*(COUNT($X$3:$AI$3)+1)-$W38)*Z$3,0)/2,"") | AA38: =IF(AND(AA$3<>"",$W38<>""),ROUND(2*($R38*(COUNT($X$3:$AI$3)+1)-$W38)*AA$3,0)/2,"") | AB38: =IF(AND(AB$3<>"",$W38<>""),ROUND(2*($R38*(COUNT($X$3:$AI$3)+1)-$W38)*AB$3,0)/2,"") | AC38: =IF(AND(AC$3<>"",$W38<>""),ROUND(2*($R38*(COUNT($X$3:$AI$3)+1)-$W38)*AC$3,0)/2,"") | AD38: =IF(AND(AD$3<>"",$W38<>""),ROUND(2*($R38*(COUNT($X$3:$AI$3)+1)-$W38)*AD$3,0)/2,"") | AE38: =IF(AND(AE$3<>"",$W38<>""),ROUND(2*($R38*(COUNT($X$3:$AI$3)+1)-$W38)*AE$3,0)/2,"") | ... AI38: =IF(AND(AI$3<>"",$W38<>""),ROUND(2*($R38*(COUNT($X$3:$AI$3)+1)-$W38)*AI$3,0)/2,"") | AJ38: =IF(COUNT(W38:AI38)>0,ROUND(2*AVERAGE(W38:AE38),0)/2,"") | AL38: =IF(R38<10,MAX(0,2*R38-10),MAX(10,2*R38-20)) -> 0 | AM38: =2*R38-AL38 -> 0 | AN38: =IF(W38<>"",MIN($AM38,MAX($AL38,IF($AJ38>0,0.5*ROUNDUP(2*((W38-MIN($W38:$AI38))/(MAX($W38:$AI38)-MIN($W38:$AI38))*($AM38-$AL38+IF(Q38>10,1,0))+$AL38),0),0))),"") | AO38: =IF(X38<>"",MIN($AM38,MAX($AL38,IF($AJ38>0,0.5*ROUNDUP(2*((X38-MIN($W38:$AI38))/(MAX($W38:$AI38)-MIN($W38:$AI38))*($AM38-$AL38+IF(R38>10,1,0))+$AL38),0),0))),"") | AP38: =IF(Y38<>"",MIN($AM38,MAX($AL38,IF($AJ38>0,0.5*ROUNDUP(2*((Y38-MIN($W38:$AI38))/(MAX($W38:$AI38)-MIN($W38:$AI38))*($AM38-$AL38+IF(S38>10,1,0))+$AL38),0),0))),"") | AQ38: =IF(Z38<>"",MIN($AM38,MAX($AL38,IF($AJ38>0,0.5*ROUNDUP(2*((Z38-MIN($W38:$AI38))/(MAX($W38:$AI38)-MIN($W38:$AI38))*($AM38-$AL38+IF(T38>10,1,0))+$AL38),0),0))),"") | AR38: =IF(AA38<>"",MIN($AM38,MAX($AL38,IF($AJ38>0,0.5*ROUNDUP(2*((AA38-MIN($W38:$AI38))/(MAX($W38:$AI38)-MIN($W38:$AI38))*($AM38-$AL38+IF(U38>10,1,0))+$AL38),0),0))),"") | AS38: =IF(AB38<>"",MIN($AM38,MAX($AL38,IF($AJ38>0,0.5*ROUNDUP(2*((AB38-MIN($W38:$AI38))/(MAX($W38:$AI38)-MIN($W38:$AI38))*($AM38-$AL38+IF(V38>10,1,0))+$AL38),0),0))),"") | AT38: =IF(AC38<>"",MIN($AM38,MAX($AL38,IF($AJ38>0,0.5*ROUNDUP(2*((AC38-MIN($W38:$AI38))/(MAX($W38:$AI38)-MIN($W38:$AI38))*($AM38-$AL38+IF(W38>10,1,0))+$AL38),0),0))),"") | AU38: =IF(AD38<>"",MIN($AM38,MAX($AL38,IF($AJ38>0,0.5*ROUNDUP(2*((AD38-MIN($W38:$AI38))/(MAX($W38:$AI38)-MIN($W38:$AI38))*($AM38-$AL38+IF(X38>10,1,0))+$AL38),0),0))),"") | ... AZ38: =IF(AI38<>"",MIN($AM38,MAX($AL38,IF($AJ38>0,0.5*ROUNDUP(2*((AI38-MIN($W38:$AI38))/(MAX($W38:$AI38)-MIN($W38:$AI38))*($AM38-$AL38+IF(AC38>10,1,0))+$AL38),0),0))),"") | BA38: =IF(ISNUMBER(AJ38),ROUND(2*AVERAGE(AN38:AZ38),0)/2,"")
R39: =ROUNDDOWN(2*(SUMPRODUCT(C$4:P$4,C39:P39)/SUM(C$4:P$4)*20+Q39),0)/2 -> 0 | W39: =IF(COUNT(D39:Q39)>0,ROUND(2*SUM(N39:Q39)/7*20,0)/2,"") | X39: =IF(AND(X$3<>"",$W39<>""),ROUND(2*($R39*(COUNT($X$3:$AI$3)+1)-$W39)*X$3,0)/2,"") | Y39: =IF(AND(Y$3<>"",$W39<>""),ROUND(2*($R39*(COUNT($X$3:$AI$3)+1)-$W39)*Y$3,0)/2,"") | Z39: =IF(AND(Z$3<>"",$W39<>""),ROUND(2*($R39*(COUNT($X$3:$AI$3)+1)-$W39)*Z$3,0)/2,"") | AA39: =IF(AND(AA$3<>"",$W39<>""),ROUND(2*($R39*(COUNT($X$3:$AI$3)+1)-$W39)*AA$3,0)/2,"") | AB39: =IF(AND(AB$3<>"",$W39<>""),ROUND(2*($R39*(COUNT($X$3:$AI$3)+1)-$W39)*AB$3,0)/2,"") | AC39: =IF(AND(AC$3<>"",$W39<>""),ROUND(2*($R39*(COUNT($X$3:$AI$3)+1)-$W39)*AC$3,0)/2,"") | AD39: =IF(AND(AD$3<>"",$W39<>""),ROUND(2*($R39*(COUNT($X$3:$AI$3)+1)-$W39)*AD$3,0)/2,"") | AE39: =IF(AND(AE$3<>"",$W39<>""),ROUND(2*($R39*(COUNT($X$3:$AI$3)+1)-$W39)*AE$3,0)/2,"") | ... AI39: =IF(AND(AI$3<>"",$W39<>""),ROUND(2*($R39*(COUNT($X$3:$AI$3)+1)-$W39)*AI$3,0)/2,"") | AJ39: =IF(COUNT(W39:AI39)>0,ROUND(2*AVERAGE(W39:AE39),0)/2,"") | AL39: =IF(R39<10,MAX(0,2*R39-10),MAX(10,2*R39-20)) -> 0 | AM39: =2*R39-AL39 -> 0 | AN39: =IF(W39<>"",MIN($AM39,MAX($AL39,IF($AJ39>0,0.5*ROUNDUP(2*((W39-MIN($W39:$AI39))/(MAX($W39:$AI39)-MIN($W39:$AI39))*($AM39-$AL39+IF(Q39>10,1,0))+$AL39),0),0))),"") | AO39: =IF(X39<>"",MIN($AM39,MAX($AL39,IF($AJ39>0,0.5*ROUNDUP(2*((X39-MIN($W39:$AI39))/(MAX($W39:$AI39)-MIN($W39:$AI39))*($AM39-$AL39+IF(R39>10,1,0))+$AL39),0),0))),"") | AP39: =IF(Y39<>"",MIN($AM39,MAX($AL39,IF($AJ39>0,0.5*ROUNDUP(2*((Y39-MIN($W39:$AI39))/(MAX($W39:$AI39)-MIN($W39:$AI39))*($AM39-$AL39+IF(S39>10,1,0))+$AL39),0),0))),"") | AQ39: =IF(Z39<>"",MIN($AM39,MAX($AL39,IF($AJ39>0,0.5*ROUNDUP(2*((Z39-MIN($W39:$AI39))/(MAX($W39:$AI39)-MIN($W39:$AI39))*($AM39-$AL39+IF(T39>10,1,0))+$AL39),0),0))),"") | AR39: =IF(AA39<>"",MIN($AM39,MAX($AL39,IF($AJ39>0,0.5*ROUNDUP(2*((AA39-MIN($W39:$AI39))/(MAX($W39:$AI39)-MIN($W39:$AI39))*($AM39-$AL39+IF(U39>10,1,0))+$AL39),0),0))),"") | AS39: =IF(AB39<>"",MIN($AM39,MAX($AL39,IF($AJ39>0,0.5*ROUNDUP(2*((AB39-MIN($W39:$AI39))/(MAX($W39:$AI39)-MIN($W39:$AI39))*($AM39-$AL39+IF(V39>10,1,0))+$AL39),0),0))),"") | AT39: =IF(AC39<>"",MIN($AM39,MAX($AL39,IF($AJ39>0,0.5*ROUNDUP(2*((AC39-MIN($W39:$AI39))/(MAX($W39:$AI39)-MIN($W39:$AI39))*($AM39-$AL39+IF(W39>10,1,0))+$AL39),0),0))),"") | AU39: =IF(AD39<>"",MIN($AM39,MAX($AL39,IF($AJ39>0,0.5*ROUNDUP(2*((AD39-MIN($W39:$AI39))/(MAX($W39:$AI39)-MIN($W39:$AI39))*($AM39-$AL39+IF(X39>10,1,0))+$AL39),0),0))),"") | ... AZ39: =IF(AI39<>"",MIN($AM39,MAX($AL39,IF($AJ39>0,0.5*ROUNDUP(2*((AI39-MIN($W39:$AI39))/(MAX($W39:$AI39)-MIN($W39:$AI39))*($AM39-$AL39+IF(AC39>10,1,0))+$AL39),0),0))),"") | BA39: =IF(ISNUMBER(AJ39),ROUND(2*AVERAGE(AN39:AZ39),0)/2,"")
R40: =ROUNDDOWN(2*(SUMPRODUCT(C$4:P$4,C40:P40)/SUM(C$4:P$4)*20+Q40),0)/2 -> 0 | W40: =IF(COUNT(D40:Q40)>0,ROUND(2*SUM(N40:Q40)/7*20,0)/2,"") | X40: =IF(AND(X$3<>"",$W40<>""),ROUND(2*($R40*(COUNT($X$3:$AI$3)+1)-$W40)*X$3,0)/2,"") | Y40: =IF(AND(Y$3<>"",$W40<>""),ROUND(2*($R40*(COUNT($X$3:$AI$3)+1)-$W40)*Y$3,0)/2,"") | Z40: =IF(AND(Z$3<>"",$W40<>""),ROUND(2*($R40*(COUNT($X$3:$AI$3)+1)-$W40)*Z$3,0)/2,"") | AA40: =IF(AND(AA$3<>"",$W40<>""),ROUND(2*($R40*(COUNT($X$3:$AI$3)+1)-$W40)*AA$3,0)/2,"") | AB40: =IF(AND(AB$3<>"",$W40<>""),ROUND(2*($R40*(COUNT($X$3:$AI$3)+1)-$W40)*AB$3,0)/2,"") | AC40: =IF(AND(AC$3<>"",$W40<>""),ROUND(2*($R40*(COUNT($X$3:$AI$3)+1)-$W40)*AC$3,0)/2,"") | AD40: =IF(AND(AD$3<>"",$W40<>""),ROUND(2*($R40*(COUNT($X$3:$AI$3)+1)-$W40)*AD$3,0)/2,"") | AE40: =IF(AND(AE$3<>"",$W40<>""),ROUND(2*($R40*(COUNT($X$3:$AI$3)+1)-$W40)*AE$3,0)/2,"") | ... AI40: =IF(AND(AI$3<>"",$W40<>""),ROUND(2*($R40*(COUNT($X$3:$AI$3)+1)-$W40)*AI$3,0)/2,"") | AJ40: =IF(COUNT(W40:AI40)>0,ROUND(2*AVERAGE(W40:AE40),0)/2,"") | AL40: =IF(R40<10,MAX(0,2*R40-10),MAX(10,2*R40-20)) -> 0 | AM40: =2*R40-AL40 -> 0 | AN40: =IF(W40<>"",MIN($AM40,MAX($AL40,IF($AJ40>0,0.5*ROUNDUP(2*((W40-MIN($W40:$AI40))/(MAX($W40:$AI40)-MIN($W40:$AI40))*($AM40-$AL40+IF(Q40>10,1,0))+$AL40),0),0))),"") | AO40: =IF(X40<>"",MIN($AM40,MAX($AL40,IF($AJ40>0,0.5*ROUNDUP(2*((X40-MIN($W40:$AI40))/(MAX($W40:$AI40)-MIN($W40:$AI40))*($AM40-$AL40+IF(R40>10,1,0))+$AL40),0),0))),"") | AP40: =IF(Y40<>"",MIN($AM40,MAX($AL40,IF($AJ40>0,0.5*ROUNDUP(2*((Y40-MIN($W40:$AI40))/(MAX($W40:$AI40)-MIN($W40:$AI40))*($AM40-$AL40+IF(S40>10,1,0))+$AL40),0),0))),"") | AQ40: =IF(Z40<>"",MIN($AM40,MAX($AL40,IF($AJ40>0,0.5*ROUNDUP(2*((Z40-MIN($W40:$AI40))/(MAX($W40:$AI40)-MIN($W40:$AI40))*($AM40-$AL40+IF(T40>10,1,0))+$AL40),0),0))),"") | AR40: =IF(AA40<>"",MIN($AM40,MAX($AL40,IF($AJ40>0,0.5*ROUNDUP(2*((AA40-MIN($W40:$AI40))/(MAX($W40:$AI40)-MIN($W40:$AI40))*($AM40-$AL40+IF(U40>10,1,0))+$AL40),0),0))),"") | AS40: =IF(AB40<>"",MIN($AM40,MAX($AL40,IF($AJ40>0,0.5*ROUNDUP(2*((AB40-MIN($W40:$AI40))/(MAX($W40:$AI40)-MIN($W40:$AI40))*($AM40-$AL40+IF(V40>10,1,0))+$AL40),0),0))),"") | AT40: =IF(AC40<>"",MIN($AM40,MAX($AL40,IF($AJ40>0,0.5*ROUNDUP(2*((AC40-MIN($W40:$AI40))/(MAX($W40:$AI40)-MIN($W40:$AI40))*($AM40-$AL40+IF(W40>10,1,0))+$AL40),0),0))),"") | AU40: =IF(AD40<>"",MIN($AM40,MAX($AL40,IF($AJ40>0,0.5*ROUNDUP(2*((AD40-MIN($W40:$AI40))/(MAX($W40:$AI40)-MIN($W40:$AI40))*($AM40-$AL40+IF(X40>10,1,0))+$AL40),0),0))),"") | ... AZ40: =IF(AI40<>"",MIN($AM40,MAX($AL40,IF($AJ40>0,0.5*ROUNDUP(2*((AI40-MIN($W40:$AI40))/(MAX($W40:$AI40)-MIN($W40:$AI40))*($AM40-$AL40+IF(AC40>10,1,0))+$AL40),0),0))),"") | BA40: =IF(ISNUMBER(AJ40),ROUND(2*AVERAGE(AN40:AZ40),0)/2,"")
A41: 7 | R41: =ROUNDDOWN(2*(SUMPRODUCT(C$4:P$4,C41:P41)/SUM(C$4:P$4)*20+Q41),0)/2 -> 0 | W41: =IF(COUNT(D41:Q41)>0,ROUND(2*SUM(N41:Q41)/7*20,0)/2,"") | X41: =IF(AND(X$3<>"",$W41<>""),ROUND(2*($R41*(COUNT($X$3:$AI$3)+1)-$W41)*X$3,0)/2,"") | Y41: =IF(AND(Y$3<>"",$W41<>""),ROUND(2*($R41*(COUNT($X$3:$AI$3)+1)-$W41)*Y$3,0)/2,"") | Z41: =IF(AND(Z$3<>"",$W41<>""),ROUND(2*($R41*(COUNT($X$3:$AI$3)+1)-$W41)*Z$3,0)/2,"") | AA41: =IF(AND(AA$3<>"",$W41<>""),ROUND(2*($R41*(COUNT($X$3:$AI$3)+1)-$W41)*AA$3,0)/2,"") | AB41: =IF(AND(AB$3<>"",$W41<>""),ROUND(2*($R41*(COUNT($X$3:$AI$3)+1)-$W41)*AB$3,0)/2,"") | AC41: =IF(AND(AC$3<>"",$W41<>""),ROUND(2*($R41*(COUNT($X$3:$AI$3)+1)-$W41)*AC$3,0)/2,"") | AD41: =IF(AND(AD$3<>"",$W41<>""),ROUND(2*($R41*(COUNT($X$3:$AI$3)+1)-$W41)*AD$3,0)/2,"") | AE41: =IF(AND(AE$3<>"",$W41<>""),ROUND(2*($R41*(COUNT($X$3:$AI$3)+1)-$W41)*AE$3,0)/2,"") | ... AI41: =IF(AND(AI$3<>"",$W41<>""),ROUND(2*($R41*(COUNT($X$3:$AI$3)+1)-$W41)*AI$3,0)/2,"") | AJ41: =IF(COUNT(W41:AI41)>0,ROUND(2*AVERAGE(W41:AE41),0)/2,"") | AL41: =IF(R41<10,MAX(0,2*R41-10),MAX(10,2*R41-20)) -> 0 | AM41: =2*R41-AL41 -> 0 | AN41: =IF(W41<>"",MIN($AM41,MAX($AL41,IF($AJ41>0,0.5*ROUNDUP(2*((W41-MIN($W41:$AI41))/(MAX($W41:$AI41)-MIN($W41:$AI41))*($AM41-$AL41+IF(Q41>10,1,0))+$AL41),0),0))),"") | AO41: =IF(X41<>"",MIN($AM41,MAX($AL41,IF($AJ41>0,0.5*ROUNDUP(2*((X41-MIN($W41:$AI41))/(MAX($W41:$AI41)-MIN($W41:$AI41))*($AM41-$AL41+IF(R41>10,1,0))+$AL41),0),0))),"") | AP41: =IF(Y41<>"",MIN($AM41,MAX($AL41,IF($AJ41>0,0.5*ROUNDUP(2*((Y41-MIN($W41:$AI41))/(MAX($W41:$AI41)-MIN($W41:$AI41))*($AM41-$AL41+IF(S41>10,1,0))+$AL41),0),0))),"") | AQ41: =IF(Z41<>"",MIN($AM41,MAX($AL41,IF($AJ41>0,0.5*ROUNDUP(2*((Z41-MIN($W41:$AI41))/(MAX($W41:$AI41)-MIN($W41:$AI41))*($AM41-$AL41+IF(T41>10,1,0))+$AL41),0),0))),"") | AR41: =IF(AA41<>"",MIN($AM41,MAX($AL41,IF($AJ41>0,0.5*ROUNDUP(2*((AA41-MIN($W41:$AI41))/(MAX($W41:$AI41)-MIN($W41:$AI41))*($AM41-$AL41+IF(U41>10,1,0))+$AL41),0),0))),"") | AS41: =IF(AB41<>"",MIN($AM41,MAX($AL41,IF($AJ41>0,0.5*ROUNDUP(2*((AB41-MIN($W41:$AI41))/(MAX($W41:$AI41)-MIN($W41:$AI41))*($AM41-$AL41+IF(V41>10,1,0))+$AL41),0),0))),"") | AT41: =IF(AC41<>"",MIN($AM41,MAX($AL41,IF($AJ41>0,0.5*ROUNDUP(2*((AC41-MIN($W41:$AI41))/(MAX($W41:$AI41)-MIN($W41:$AI41))*($AM41-$AL41+IF(W41>10,1,0))+$AL41),0),0))),"") | AU41: =IF(AD41<>"",MIN($AM41,MAX($AL41,IF($AJ41>0,0.5*ROUNDUP(2*((AD41-MIN($W41:$AI41))/(MAX($W41:$AI41)-MIN($W41:$AI41))*($AM41-$AL41+IF(X41>10,1,0))+$AL41),0),0))),"") | ... AZ41: =IF(AI41<>"",MIN($AM41,MAX($AL41,IF($AJ41>0,0.5*ROUNDUP(2*((AI41-MIN($W41:$AI41))/(MAX($W41:$AI41)-MIN($W41:$AI41))*($AM41-$AL41+IF(AC41>10,1,0))+$AL41),0),0))),"") | BA41: =IF(ISNUMBER(AJ41),ROUND(2*AVERAGE(AN41:AZ41),0)/2,"")
R42: =ROUNDDOWN(2*(SUMPRODUCT(C$4:P$4,C42:P42)/SUM(C$4:P$4)*20+Q42),0)/2 -> 0 | W42: =IF(COUNT(D42:Q42)>0,ROUND(2*SUM(N42:Q42)/7*20,0)/2,"") | X42: =IF(AND(X$3<>"",$W42<>""),ROUND(2*($R42*(COUNT($X$3:$AI$3)+1)-$W42)*X$3,0)/2,"") | Y42: =IF(AND(Y$3<>"",$W42<>""),ROUND(2*($R42*(COUNT($X$3:$AI$3)+1)-$W42)*Y$3,0)/2,"") | Z42: =IF(AND(Z$3<>"",$W42<>""),ROUND(2*($R42*(COUNT($X$3:$AI$3)+1)-$W42)*Z$3,0)/2,"") | AA42: =IF(AND(AA$3<>"",$W42<>""),ROUND(2*($R42*(COUNT($X$3:$AI$3)+1)-$W42)*AA$3,0)/2,"") | AB42: =IF(AND(AB$3<>"",$W42<>""),ROUND(2*($R42*(COUNT($X$3:$AI$3)+1)-$W42)*AB$3,0)/2,"") | AC42: =IF(AND(AC$3<>"",$W42<>""),ROUND(2*($R42*(COUNT($X$3:$AI$3)+1)-$W42)*AC$3,0)/2,"") | AD42: =IF(AND(AD$3<>"",$W42<>""),ROUND(2*($R42*(COUNT($X$3:$AI$3)+1)-$W42)*AD$3,0)/2,"") | AE42: =IF(AND(AE$3<>"",$W42<>""),ROUND(2*($R42*(COUNT($X$3:$AI$3)+1)-$W42)*AE$3,0)/2,"") | ... AI42: =IF(AND(AI$3<>"",$W42<>""),ROUND(2*($R42*(COUNT($X$3:$AI$3)+1)-$W42)*AI$3,0)/2,"") | AJ42: =IF(COUNT(W42:AI42)>0,ROUND(2*AVERAGE(W42:AE42),0)/2,"") | AL42: =IF(R42<10,MAX(0,2*R42-10),MAX(10,2*R42-20)) -> 0 | AM42: =2*R42-AL42 -> 0 | AN42: =IF(W42<>"",MIN($AM42,MAX($AL42,IF($AJ42>0,0.5*ROUNDUP(2*((W42-MIN($W42:$AI42))/(MAX($W42:$AI42)-MIN($W42:$AI42))*($AM42-$AL42+IF(Q42>10,1,0))+$AL42),0),0))),"") | AO42: =IF(X42<>"",MIN($AM42,MAX($AL42,IF($AJ42>0,0.5*ROUNDUP(2*((X42-MIN($W42:$AI42))/(MAX($W42:$AI42)-MIN($W42:$AI42))*($AM42-$AL42+IF(R42>10,1,0))+$AL42),0),0))),"") | AP42: =IF(Y42<>"",MIN($AM42,MAX($AL42,IF($AJ42>0,0.5*ROUNDUP(2*((Y42-MIN($W42:$AI42))/(MAX($W42:$AI42)-MIN($W42:$AI42))*($AM42-$AL42+IF(S42>10,1,0))+$AL42),0),0))),"") | AQ42: =IF(Z42<>"",MIN($AM42,MAX($AL42,IF($AJ42>0,0.5*ROUNDUP(2*((Z42-MIN($W42:$AI42))/(MAX($W42:$AI42)-MIN($W42:$AI42))*($AM42-$AL42+IF(T42>10,1,0))+$AL42),0),0))),"") | AR42: =IF(AA42<>"",MIN($AM42,MAX($AL42,IF($AJ42>0,0.5*ROUNDUP(2*((AA42-MIN($W42:$AI42))/(MAX($W42:$AI42)-MIN($W42:$AI42))*($AM42-$AL42+IF(U42>10,1,0))+$AL42),0),0))),"") | AS42: =IF(AB42<>"",MIN($AM42,MAX($AL42,IF($AJ42>0,0.5*ROUNDUP(2*((AB42-MIN($W42:$AI42))/(MAX($W42:$AI42)-MIN($W42:$AI42))*($AM42-$AL42+IF(V42>10,1,0))+$AL42),0),0))),"") | AT42: =IF(AC42<>"",MIN($AM42,MAX($AL42,IF($AJ42>0,0.5*ROUNDUP(2*((AC42-MIN($W42:$AI42))/(MAX($W42:$AI42)-MIN($W42:$AI42))*($AM42-$AL42+IF(W42>10,1,0))+$AL42),0),0))),"") | AU42: =IF(AD42<>"",MIN($AM42,MAX($AL42,IF($AJ42>0,0.5*ROUNDUP(2*((AD42-MIN($W42:$AI42))/(MAX($W42:$AI42)-MIN($W42:$AI42))*($AM42-$AL42+IF(X42>10,1,0))+$AL42),0),0))),"") | ... AZ42: =IF(AI42<>"",MIN($AM42,MAX($AL42,IF($AJ42>0,0.5*ROUNDUP(2*((AI42-MIN($W42:$AI42))/(MAX($W42:$AI42)-MIN($W42:$AI42))*($AM42-$AL42+IF(AC42>10,1,0))+$AL42),0),0))),"") | BA42: =IF(ISNUMBER(AJ42),ROUND(2*AVERAGE(AN42:AZ42),0)/2,"")
R43: =ROUNDDOWN(2*(SUMPRODUCT(C$4:P$4,C43:P43)/SUM(C$4:P$4)*20+Q43),0)/2 -> 0 | W43: =IF(COUNT(D43:Q43)>0,ROUND(2*SUM(N43:Q43)/7*20,0)/2,"") | X43: =IF(AND(X$3<>"",$W43<>""),ROUND(2*($R43*(COUNT($X$3:$AI$3)+1)-$W43)*X$3,0)/2,"") | Y43: =IF(AND(Y$3<>"",$W43<>""),ROUND(2*($R43*(COUNT($X$3:$AI$3)+1)-$W43)*Y$3,0)/2,"") | Z43: =IF(AND(Z$3<>"",$W43<>""),ROUND(2*($R43*(COUNT($X$3:$AI$3)+1)-$W43)*Z$3,0)/2,"") | AA43: =IF(AND(AA$3<>"",$W43<>""),ROUND(2*($R43*(COUNT($X$3:$AI$3)+1)-$W43)*AA$3,0)/2,"") | AB43: =IF(AND(AB$3<>"",$W43<>""),ROUND(2*($R43*(COUNT($X$3:$AI$3)+1)-$W43)*AB$3,0)/2,"") | AC43: =IF(AND(AC$3<>"",$W43<>""),ROUND(2*($R43*(COUNT($X$3:$AI$3)+1)-$W43)*AC$3,0)/2,"") | AD43: =IF(AND(AD$3<>"",$W43<>""),ROUND(2*($R43*(COUNT($X$3:$AI$3)+1)-$W43)*AD$3,0)/2,"") | AE43: =IF(AND(AE$3<>"",$W43<>""),ROUND(2*($R43*(COUNT($X$3:$AI$3)+1)-$W43)*AE$3,0)/2,"") | ... AI43: =IF(AND(AI$3<>"",$W43<>""),ROUND(2*($R43*(COUNT($X$3:$AI$3)+1)-$W43)*AI$3,0)/2,"") | AJ43: =IF(COUNT(W43:AI43)>0,ROUND(2*AVERAGE(W43:AE43),0)/2,"") | AL43: =IF(R43<10,MAX(0,2*R43-10),MAX(10,2*R43-20)) -> 0 | AM43: =2*R43-AL43 -> 0 | AN43: =IF(W43<>"",MIN($AM43,MAX($AL43,IF($AJ43>0,0.5*ROUNDUP(2*((W43-MIN($W43:$AI43))/(MAX($W43:$AI43)-MIN($W43:$AI43))*($AM43-$AL43+IF(Q43>10,1,0))+$AL43),0),0))),"") | AO43: =IF(X43<>"",MIN($AM43,MAX($AL43,IF($AJ43>0,0.5*ROUNDUP(2*((X43-MIN($W43:$AI43))/(MAX($W43:$AI43)-MIN($W43:$AI43))*($AM43-$AL43+IF(R43>10,1,0))+$AL43),0),0))),"") | AP43: =IF(Y43<>"",MIN($AM43,MAX($AL43,IF($AJ43>0,0.5*ROUNDUP(2*((Y43-MIN($W43:$AI43))/(MAX($W43:$AI43)-MIN($W43:$AI43))*($AM43-$AL43+IF(S43>10,1,0))+$AL43),0),0))),"") | AQ43: =IF(Z43<>"",MIN($AM43,MAX($AL43,IF($AJ43>0,0.5*ROUNDUP(2*((Z43-MIN($W43:$AI43))/(MAX($W43:$AI43)-MIN($W43:$AI43))*($AM43-$AL43+IF(T43>10,1,0))+$AL43),0),0))),"") | AR43: =IF(AA43<>"",MIN($AM43,MAX($AL43,IF($AJ43>0,0.5*ROUNDUP(2*((AA43-MIN($W43:$AI43))/(MAX($W43:$AI43)-MIN($W43:$AI43))*($AM43-$AL43+IF(U43>10,1,0))+$AL43),0),0))),"") | AS43: =IF(AB43<>"",MIN($AM43,MAX($AL43,IF($AJ43>0,0.5*ROUNDUP(2*((AB43-MIN($W43:$AI43))/(MAX($W43:$AI43)-MIN($W43:$AI43))*($AM43-$AL43+IF(V43>10,1,0))+$AL43),0),0))),"") | AT43: =IF(AC43<>"",MIN($AM43,MAX($AL43,IF($AJ43>0,0.5*ROUNDUP(2*((AC43-MIN($W43:$AI43))/(MAX($W43:$AI43)-MIN($W43:$AI43))*($AM43-$AL43+IF(W43>10,1,0))+$AL43),0),0))),"") | AU43: =IF(AD43<>"",MIN($AM43,MAX($AL43,IF($AJ43>0,0.5*ROUNDUP(2*((AD43-MIN($W43:$AI43))/(MAX($W43:$AI43)-MIN($W43:$AI43))*($AM43-$AL43+IF(X43>10,1,0))+$AL43),0),0))),"") | ... AZ43: =IF(AI43<>"",MIN($AM43,MAX($AL43,IF($AJ43>0,0.5*ROUNDUP(2*((AI43-MIN($W43:$AI43))/(MAX($W43:$AI43)-MIN($W43:$AI43))*($AM43-$AL43+IF(AC43>10,1,0))+$AL43),0),0))),"") | BA43: =IF(ISNUMBER(AJ43),ROUND(2*AVERAGE(AN43:AZ43),0)/2,"")
R44: =ROUNDDOWN(2*(SUMPRODUCT(C$4:P$4,C44:P44)/SUM(C$4:P$4)*20+Q44),0)/2 -> 0 | W44: =IF(COUNT(D44:Q44)>0,ROUND(2*SUM(N44:Q44)/7*20,0)/2,"") | X44: =IF(AND(X$3<>"",$W44<>""),ROUND(2*($R44*(COUNT($X$3:$AI$3)+1)-$W44)*X$3,0)/2,"") | Y44: =IF(AND(Y$3<>"",$W44<>""),ROUND(2*($R44*(COUNT($X$3:$AI$3)+1)-$W44)*Y$3,0)/2,"") | Z44: =IF(AND(Z$3<>"",$W44<>""),ROUND(2*($R44*(COUNT($X$3:$AI$3)+1)-$W44)*Z$3,0)/2,"") | AA44: =IF(AND(AA$3<>"",$W44<>""),ROUND(2*($R44*(COUNT($X$3:$AI$3)+1)-$W44)*AA$3,0)/2,"") | AB44: =IF(AND(AB$3<>"",$W44<>""),ROUND(2*($R44*(COUNT($X$3:$AI$3)+1)-$W44)*AB$3,0)/2,"") | AC44: =IF(AND(AC$3<>"",$W44<>""),ROUND(2*($R44*(COUNT($X$3:$AI$3)+1)-$W44)*AC$3,0)/2,"") | AD44: =IF(AND(AD$3<>"",$W44<>""),ROUND(2*($R44*(COUNT($X$3:$AI$3)+1)-$W44)*AD$3,0)/2,"") | AE44: =IF(AND(AE$3<>"",$W44<>""),ROUND(2*($R44*(COUNT($X$3:$AI$3)+1)-$W44)*AE$3,0)/2,"") | ... AI44: =IF(AND(AI$3<>"",$W44<>""),ROUND(2*($R44*(COUNT($X$3:$AI$3)+1)-$W44)*AI$3,0)/2,"") | AJ44: =IF(COUNT(W44:AI44)>0,ROUND(2*AVERAGE(W44:AE44),0)/2,"") | AL44: =IF(R44<10,MAX(0,2*R44-10),MAX(10,2*R44-20)) -> 0 | AM44: =2*R44-AL44 -> 0 | AN44: =IF(W44<>"",MIN($AM44,MAX($AL44,IF($AJ44>0,0.5*ROUNDUP(2*((W44-MIN($W44:$AI44))/(MAX($W44:$AI44)-MIN($W44:$AI44))*($AM44-$AL44+IF(Q44>10,1,0))+$AL44),0),0))),"") | AO44: =IF(X44<>"",MIN($AM44,MAX($AL44,IF($AJ44>0,0.5*ROUNDUP(2*((X44-MIN($W44:$AI44))/(MAX($W44:$AI44)-MIN($W44:$AI44))*($AM44-$AL44+IF(R44>10,1,0))+$AL44),0),0))),"") | AP44: =IF(Y44<>"",MIN($AM44,MAX($AL44,IF($AJ44>0,0.5*ROUNDUP(2*((Y44-MIN($W44:$AI44))/(MAX($W44:$AI44)-MIN($W44:$AI44))*($AM44-$AL44+IF(S44>10,1,0))+$AL44),0),0))),"") | AQ44: =IF(Z44<>"",MIN($AM44,MAX($AL44,IF($AJ44>0,0.5*ROUNDUP(2*((Z44-MIN($W44:$AI44))/(MAX($W44:$AI44)-MIN($W44:$AI44))*($AM44-$AL44+IF(T44>10,1,0))+$AL44),0),0))),"") | AR44: =IF(AA44<>"",MIN($AM44,MAX($AL44,IF($AJ44>0,0.5*ROUNDUP(2*((AA44-MIN($W44:$AI44))/(MAX($W44:$AI44)-MIN($W44:$AI44))*($AM44-$AL44+IF(U44>10,1,0))+$AL44),0),0))),"") | AS44: =IF(AB44<>"",MIN($AM44,MAX($AL44,IF($AJ44>0,0.5*ROUNDUP(2*((AB44-MIN($W44:$AI44))/(MAX($W44:$AI44)-MIN($W44:$AI44))*($AM44-$AL44+IF(V44>10,1,0))+$AL44),0),0))),"") | AT44: =IF(AC44<>"",MIN($AM44,MAX($AL44,IF($AJ44>0,0.5*ROUNDUP(2*((AC44-MIN($W44:$AI44))/(MAX($W44:$AI44)-MIN($W44:$AI44))*($AM44-$AL44+IF(W44>10,1,0))+$AL44),0),0))),"") | AU44: =IF(AD44<>"",MIN($AM44,MAX($AL44,IF($AJ44>0,0.5*ROUNDUP(2*((AD44-MIN($W44:$AI44))/(MAX($W44:$AI44)-MIN($W44:$AI44))*($AM44-$AL44+IF(X44>10,1,0))+$AL44),0),0))),"") | ... AZ44: =IF(AI44<>"",MIN($AM44,MAX($AL44,IF($AJ44>0,0.5*ROUNDUP(2*((AI44-MIN($W44:$AI44))/(MAX($W44:$AI44)-MIN($W44:$AI44))*($AM44-$AL44+IF(AC44>10,1,0))+$AL44),0),0))),"") | BA44: =IF(ISNUMBER(AJ44),ROUND(2*AVERAGE(AN44:AZ44),0)/2,"")
R45: =ROUNDDOWN(2*(SUMPRODUCT(C$4:P$4,C45:P45)/SUM(C$4:P$4)*20+Q45),0)/2 -> 0 | W45: =IF(COUNT(D45:Q45)>0,ROUND(2*SUM(N45:Q45)/7*20,0)/2,"") | X45: =IF(AND(X$3<>"",$W45<>""),ROUND(2*($R45*(COUNT($X$3:$AI$3)+1)-$W45)*X$3,0)/2,"") | Y45: =IF(AND(Y$3<>"",$W45<>""),ROUND(2*($R45*(COUNT($X$3:$AI$3)+1)-$W45)*Y$3,0)/2,"") | Z45: =IF(AND(Z$3<>"",$W45<>""),ROUND(2*($R45*(COUNT($X$3:$AI$3)+1)-$W45)*Z$3,0)/2,"") | AA45: =IF(AND(AA$3<>"",$W45<>""),ROUND(2*($R45*(COUNT($X$3:$AI$3)+1)-$W45)*AA$3,0)/2,"") | AB45: =IF(AND(AB$3<>"",$W45<>""),ROUND(2*($R45*(COUNT($X$3:$AI$3)+1)-$W45)*AB$3,0)/2,"") | AC45: =IF(AND(AC$3<>"",$W45<>""),ROUND(2*($R45*(COUNT($X$3:$AI$3)+1)-$W45)*AC$3,0)/2,"") | AD45: =IF(AND(AD$3<>"",$W45<>""),ROUND(2*($R45*(COUNT($X$3:$AI$3)+1)-$W45)*AD$3,0)/2,"") | AE45: =IF(AND(AE$3<>"",$W45<>""),ROUND(2*($R45*(COUNT($X$3:$AI$3)+1)-$W45)*AE$3,0)/2,"") | ... AI45: =IF(AND(AI$3<>"",$W45<>""),ROUND(2*($R45*(COUNT($X$3:$AI$3)+1)-$W45)*AI$3,0)/2,"") | AJ45: =IF(COUNT(W45:AI45)>0,ROUND(2*AVERAGE(W45:AE45),0)/2,"") | AL45: =IF(R45<10,MAX(0,2*R45-10),MAX(10,2*R45-20)) -> 0 | AM45: =2*R45-AL45 -> 0 | AN45: =IF(W45<>"",MIN($AM45,MAX($AL45,IF($AJ45>0,0.5*ROUNDUP(2*((W45-MIN($W45:$AI45))/(MAX($W45:$AI45)-MIN($W45:$AI45))*($AM45-$AL45+IF(Q45>10,1,0))+$AL45),0),0))),"") | AO45: =IF(X45<>"",MIN($AM45,MAX($AL45,IF($AJ45>0,0.5*ROUNDUP(2*((X45-MIN($W45:$AI45))/(MAX($W45:$AI45)-MIN($W45:$AI45))*($AM45-$AL45+IF(R45>10,1,0))+$AL45),0),0))),"") | AP45: =IF(Y45<>"",MIN($AM45,MAX($AL45,IF($AJ45>0,0.5*ROUNDUP(2*((Y45-MIN($W45:$AI45))/(MAX($W45:$AI45)-MIN($W45:$AI45))*($AM45-$AL45+IF(S45>10,1,0))+$AL45),0),0))),"") | AQ45: =IF(Z45<>"",MIN($AM45,MAX($AL45,IF($AJ45>0,0.5*ROUNDUP(2*((Z45-MIN($W45:$AI45))/(MAX($W45:$AI45)-MIN($W45:$AI45))*($AM45-$AL45+IF(T45>10,1,0))+$AL45),0),0))),"") | AR45: =IF(AA45<>"",MIN($AM45,MAX($AL45,IF($AJ45>0,0.5*ROUNDUP(2*((AA45-MIN($W45:$AI45))/(MAX($W45:$AI45)-MIN($W45:$AI45))*($AM45-$AL45+IF(U45>10,1,0))+$AL45),0),0))),"") | AS45: =IF(AB45<>"",MIN($AM45,MAX($AL45,IF($AJ45>0,0.5*ROUNDUP(2*((AB45-MIN($W45:$AI45))/(MAX($W45:$AI45)-MIN($W45:$AI45))*($AM45-$AL45+IF(V45>10,1,0))+$AL45),0),0))),"") | AT45: =IF(AC45<>"",MIN($AM45,MAX($AL45,IF($AJ45>0,0.5*ROUNDUP(2*((AC45-MIN($W45:$AI45))/(MAX($W45:$AI45)-MIN($W45:$AI45))*($AM45-$AL45+IF(W45>10,1,0))+$AL45),0),0))),"") | AU45: =IF(AD45<>"",MIN($AM45,MAX($AL45,IF($AJ45>0,0.5*ROUNDUP(2*((AD45-MIN($W45:$AI45))/(MAX($W45:$AI45)-MIN($W45:$AI45))*($AM45-$AL45+IF(X45>10,1,0))+$AL45),0),0))),"") | ... AZ45: =IF(AI45<>"",MIN($AM45,MAX($AL45,IF($AJ45>0,0.5*ROUNDUP(2*((AI45-MIN($W45:$AI45))/(MAX($W45:$AI45)-MIN($W45:$AI45))*($AM45-$AL45+IF(AC45>10,1,0))+$AL45),0),0))),"") | BA45: =IF(ISNUMBER(AJ45),ROUND(2*AVERAGE(AN45:AZ45),0)/2,"")
R46: =ROUNDDOWN(2*(SUMPRODUCT(C$4:P$4,C46:P46)/SUM(C$4:P$4)*20+Q46),0)/2 -> 0 | W46: =IF(COUNT(D46:Q46)>0,ROUND(2*SUM(N46:Q46)/7*20,0)/2,"") | X46: =IF(AND(X$3<>"",$W46<>""),ROUND(2*($R46*(COUNT($X$3:$AI$3)+1)-$W46)*X$3,0)/2,"") | Y46: =IF(AND(Y$3<>"",$W46<>""),ROUND(2*($R46*(COUNT($X$3:$AI$3)+1)-$W46)*Y$3,0)/2,"") | Z46: =IF(AND(Z$3<>"",$W46<>""),ROUND(2*($R46*(COUNT($X$3:$AI$3)+1)-$W46)*Z$3,0)/2,"") | AA46: =IF(AND(AA$3<>"",$W46<>""),ROUND(2*($R46*(COUNT($X$3:$AI$3)+1)-$W46)*AA$3,0)/2,"") | AB46: =IF(AND(AB$3<>"",$W46<>""),ROUND(2*($R46*(COUNT($X$3:$AI$3)+1)-$W46)*AB$3,0)/2,"") | AC46: =IF(AND(AC$3<>"",$W46<>""),ROUND(2*($R46*(COUNT($X$3:$AI$3)+1)-$W46)*AC$3,0)/2,"") | AD46: =IF(AND(AD$3<>"",$W46<>""),ROUND(2*($R46*(COUNT($X$3:$AI$3)+1)-$W46)*AD$3,0)/2,"") | AE46: =IF(AND(AE$3<>"",$W46<>""),ROUND(2*($R46*(COUNT($X$3:$AI$3)+1)-$W46)*AE$3,0)/2,"") | ... AI46: =IF(AND(AI$3<>"",$W46<>""),ROUND(2*($R46*(COUNT($X$3:$AI$3)+1)-$W46)*AI$3,0)/2,"") | AJ46: =IF(COUNT(W46:AI46)>0,ROUND(2*AVERAGE(W46:AE46),0)/2,"") | AL46: =IF(R46<10,MAX(0,2*R46-10),MAX(10,2*R46-20)) -> 0 | AM46: =2*R46-AL46 -> 0 | AN46: =IF(W46<>"",MIN($AM46,MAX($AL46,IF($AJ46>0,0.5*ROUNDUP(2*((W46-MIN($W46:$AI46))/(MAX($W46:$AI46)-MIN($W46:$AI46))*($AM46-$AL46+IF(Q46>10,1,0))+$AL46),0),0))),"") | AO46: =IF(X46<>"",MIN($AM46,MAX($AL46,IF($AJ46>0,0.5*ROUNDUP(2*((X46-MIN($W46:$AI46))/(MAX($W46:$AI46)-MIN($W46:$AI46))*($AM46-$AL46+IF(R46>10,1,0))+$AL46),0),0))),"") | AP46: =IF(Y46<>"",MIN($AM46,MAX($AL46,IF($AJ46>0,0.5*ROUNDUP(2*((Y46-MIN($W46:$AI46))/(MAX($W46:$AI46)-MIN($W46:$AI46))*($AM46-$AL46+IF(S46>10,1,0))+$AL46),0),0))),"") | AQ46: =IF(Z46<>"",MIN($AM46,MAX($AL46,IF($AJ46>0,0.5*ROUNDUP(2*((Z46-MIN($W46:$AI46))/(MAX($W46:$AI46)-MIN($W46:$AI46))*($AM46-$AL46+IF(T46>10,1,0))+$AL46),0),0))),"") | AR46: =IF(AA46<>"",MIN($AM46,MAX($AL46,IF($AJ46>0,0.5*ROUNDUP(2*((AA46-MIN($W46:$AI46))/(MAX($W46:$AI46)-MIN($W46:$AI46))*($AM46-$AL46+IF(U46>10,1,0))+$AL46),0),0))),"") | AS46: =IF(AB46<>"",MIN($AM46,MAX($AL46,IF($AJ46>0,0.5*ROUNDUP(2*((AB46-MIN($W46:$AI46))/(MAX($W46:$AI46)-MIN($W46:$AI46))*($AM46-$AL46+IF(V46>10,1,0))+$AL46),0),0))),"") | AT46: =IF(AC46<>"",MIN($AM46,MAX($AL46,IF($AJ46>0,0.5*ROUNDUP(2*((AC46-MIN($W46:$AI46))/(MAX($W46:$AI46)-MIN($W46:$AI46))*($AM46-$AL46+IF(W46>10,1,0))+$AL46),0),0))),"") | AU46: =IF(AD46<>"",MIN($AM46,MAX($AL46,IF($AJ46>0,0.5*ROUNDUP(2*((AD46-MIN($W46:$AI46))/(MAX($W46:$AI46)-MIN($W46:$AI46))*($AM46-$AL46+IF(X46>10,1,0))+$AL46),0),0))),"") | ... AZ46: =IF(AI46<>"",MIN($AM46,MAX($AL46,IF($AJ46>0,0.5*ROUNDUP(2*((AI46-MIN($W46:$AI46))/(MAX($W46:$AI46)-MIN($W46:$AI46))*($AM46-$AL46+IF(AC46>10,1,0))+$AL46),0),0))),"") | BA46: =IF(ISNUMBER(AJ46),ROUND(2*AVERAGE(AN46:AZ46),0)/2,"")
A47: 8 | R47: =ROUNDDOWN(2*(SUMPRODUCT(C$4:P$4,C47:P47)/SUM(C$4:P$4)*20+Q47),0)/2 -> 0 | W47: =IF(COUNT(D47:Q47)>0,ROUND(2*SUM(N47:Q47)/7*20,0)/2,"") | X47: =IF(AND(X$3<>"",$W47<>""),ROUND(2*($R47*(COUNT($X$3:$AI$3)+1)-$W47)*X$3,0)/2,"") | Y47: =IF(AND(Y$3<>"",$W47<>""),ROUND(2*($R47*(COUNT($X$3:$AI$3)+1)-$W47)*Y$3,0)/2,"") | Z47: =IF(AND(Z$3<>"",$W47<>""),ROUND(2*($R47*(COUNT($X$3:$AI$3)+1)-$W47)*Z$3,0)/2,"") | AA47: =IF(AND(AA$3<>"",$W47<>""),ROUND(2*($R47*(COUNT($X$3:$AI$3)+1)-$W47)*AA$3,0)/2,"") | AB47: =IF(AND(AB$3<>"",$W47<>""),ROUND(2*($R47*(COUNT($X$3:$AI$3)+1)-$W47)*AB$3,0)/2,"") | AC47: =IF(AND(AC$3<>"",$W47<>""),ROUND(2*($R47*(COUNT($X$3:$AI$3)+1)-$W47)*AC$3,0)/2,"") | AD47: =IF(AND(AD$3<>"",$W47<>""),ROUND(2*($R47*(COUNT($X$3:$AI$3)+1)-$W47)*AD$3,0)/2,"") | AE47: =IF(AND(AE$3<>"",$W47<>""),ROUND(2*($R47*(COUNT($X$3:$AI$3)+1)-$W47)*AE$3,0)/2,"") | ... AI47: =IF(AND(AI$3<>"",$W47<>""),ROUND(2*($R47*(COUNT($X$3:$AI$3)+1)-$W47)*AI$3,0)/2,"") | AJ47: =IF(COUNT(W47:AI47)>0,ROUND(2*AVERAGE(W47:AE47),0)/2,"") | AL47: =IF(R47<10,MAX(0,2*R47-10),MAX(10,2*R47-20)) -> 0 | AM47: =2*R47-AL47 -> 0 | AN47: =IF(W47<>"",MIN($AM47,MAX($AL47,IF($AJ47>0,0.5*ROUNDUP(2*((W47-MIN($W47:$AI47))/(MAX($W47:$AI47)-MIN($W47:$AI47))*($AM47-$AL47+IF(Q47>10,1,0))+$AL47),0),0))),"") | AO47: =IF(X47<>"",MIN($AM47,MAX($AL47,IF($AJ47>0,0.5*ROUNDUP(2*((X47-MIN($W47:$AI47))/(MAX($W47:$AI47)-MIN($W47:$AI47))*($AM47-$AL47+IF(R47>10,1,0))+$AL47),0),0))),"") | AP47: =IF(Y47<>"",MIN($AM47,MAX($AL47,IF($AJ47>0,0.5*ROUNDUP(2*((Y47-MIN($W47:$AI47))/(MAX($W47:$AI47)-MIN($W47:$AI47))*($AM47-$AL47+IF(S47>10,1,0))+$AL47),0),0))),"") | AQ47: =IF(Z47<>"",MIN($AM47,MAX($AL47,IF($AJ47>0,0.5*ROUNDUP(2*((Z47-MIN($W47:$AI47))/(MAX($W47:$AI47)-MIN($W47:$AI47))*($AM47-$AL47+IF(T47>10,1,0))+$AL47),0),0))),"") | AR47: =IF(AA47<>"",MIN($AM47,MAX($AL47,IF($AJ47>0,0.5*ROUNDUP(2*((AA47-MIN($W47:$AI47))/(MAX($W47:$AI47)-MIN($W47:$AI47))*($AM47-$AL47+IF(U47>10,1,0))+$AL47),0),0))),"") | AS47: =IF(AB47<>"",MIN($AM47,MAX($AL47,IF($AJ47>0,0.5*ROUNDUP(2*((AB47-MIN($W47:$AI47))/(MAX($W47:$AI47)-MIN($W47:$AI47))*($AM47-$AL47+IF(V47>10,1,0))+$AL47),0),0))),"") | AT47: =IF(AC47<>"",MIN($AM47,MAX($AL47,IF($AJ47>0,0.5*ROUNDUP(2*((AC47-MIN($W47:$AI47))/(MAX($W47:$AI47)-MIN($W47:$AI47))*($AM47-$AL47+IF(W47>10,1,0))+$AL47),0),0))),"") | AU47: =IF(AD47<>"",MIN($AM47,MAX($AL47,IF($AJ47>0,0.5*ROUNDUP(2*((AD47-MIN($W47:$AI47))/(MAX($W47:$AI47)-MIN($W47:$AI47))*($AM47-$AL47+IF(X47>10,1,0))+$AL47),0),0))),"") | ... AZ47: =IF(AI47<>"",MIN($AM47,MAX($AL47,IF($AJ47>0,0.5*ROUNDUP(2*((AI47-MIN($W47:$AI47))/(MAX($W47:$AI47)-MIN($W47:$AI47))*($AM47-$AL47+IF(AC47>10,1,0))+$AL47),0),0))),"") | BA47: =IF(ISNUMBER(AJ47),ROUND(2*AVERAGE(AN47:AZ47),0)/2,"")
R48: =ROUNDDOWN(2*(SUMPRODUCT(C$4:P$4,C48:P48)/SUM(C$4:P$4)*20+Q48),0)/2 -> 0 | W48: =IF(COUNT(D48:Q48)>0,ROUND(2*SUM(N48:Q48)/7*20,0)/2,"") | X48: =IF(AND(X$3<>"",$W48<>""),ROUND(2*($R48*(COUNT($X$3:$AI$3)+1)-$W48)*X$3,0)/2,"") | Y48: =IF(AND(Y$3<>"",$W48<>""),ROUND(2*($R48*(COUNT($X$3:$AI$3)+1)-$W48)*Y$3,0)/2,"") | Z48: =IF(AND(Z$3<>"",$W48<>""),ROUND(2*($R48*(COUNT($X$3:$AI$3)+1)-$W48)*Z$3,0)/2,"") | AA48: =IF(AND(AA$3<>"",$W48<>""),ROUND(2*($R48*(COUNT($X$3:$AI$3)+1)-$W48)*AA$3,0)/2,"") | AB48: =IF(AND(AB$3<>"",$W48<>""),ROUND(2*($R48*(COUNT($X$3:$AI$3)+1)-$W48)*AB$3,0)/2,"") | AC48: =IF(AND(AC$3<>"",$W48<>""),ROUND(2*($R48*(COUNT($X$3:$AI$3)+1)-$W48)*AC$3,0)/2,"") | AD48: =IF(AND(AD$3<>"",$W48<>""),ROUND(2*($R48*(COUNT($X$3:$AI$3)+1)-$W48)*AD$3,0)/2,"") | AE48: =IF(AND(AE$3<>"",$W48<>""),ROUND(2*($R48*(COUNT($X$3:$AI$3)+1)-$W48)*AE$3,0)/2,"") | ... AI48: =IF(AND(AI$3<>"",$W48<>""),ROUND(2*($R48*(COUNT($X$3:$AI$3)+1)-$W48)*AI$3,0)/2,"") | AJ48: =IF(COUNT(W48:AI48)>0,ROUND(2*AVERAGE(W48:AE48),0)/2,"") | AL48: =IF(R48<10,MAX(0,2*R48-10),MAX(10,2*R48-20)) -> 0 | AM48: =2*R48-AL48 -> 0 | AN48: =IF(W48<>"",MIN($AM48,MAX($AL48,IF($AJ48>0,0.5*ROUNDUP(2*((W48-MIN($W48:$AI48))/(MAX($W48:$AI48)-MIN($W48:$AI48))*($AM48-$AL48+IF(Q48>10,1,0))+$AL48),0),0))),"") | AO48: =IF(X48<>"",MIN($AM48,MAX($AL48,IF($AJ48>0,0.5*ROUNDUP(2*((X48-MIN($W48:$AI48))/(MAX($W48:$AI48)-MIN($W48:$AI48))*($AM48-$AL48+IF(R48>10,1,0))+$AL48),0),0))),"") | AP48: =IF(Y48<>"",MIN($AM48,MAX($AL48,IF($AJ48>0,0.5*ROUNDUP(2*((Y48-MIN($W48:$AI48))/(MAX($W48:$AI48)-MIN($W48:$AI48))*($AM48-$AL48+IF(S48>10,1,0))+$AL48),0),0))),"") | AQ48: =IF(Z48<>"",MIN($AM48,MAX($AL48,IF($AJ48>0,0.5*ROUNDUP(2*((Z48-MIN($W48:$AI48))/(MAX($W48:$AI48)-MIN($W48:$AI48))*($AM48-$AL48+IF(T48>10,1,0))+$AL48),0),0))),"") | AR48: =IF(AA48<>"",MIN($AM48,MAX($AL48,IF($AJ48>0,0.5*ROUNDUP(2*((AA48-MIN($W48:$AI48))/(MAX($W48:$AI48)-MIN($W48:$AI48))*($AM48-$AL48+IF(U48>10,1,0))+$AL48),0),0))),"") | AS48: =IF(AB48<>"",MIN($AM48,MAX($AL48,IF($AJ48>0,0.5*ROUNDUP(2*((AB48-MIN($W48:$AI48))/(MAX($W48:$AI48)-MIN($W48:$AI48))*($AM48-$AL48+IF(V48>10,1,0))+$AL48),0),0))),"") | AT48: =IF(AC48<>"",MIN($AM48,MAX($AL48,IF($AJ48>0,0.5*ROUNDUP(2*((AC48-MIN($W48:$AI48))/(MAX($W48:$AI48)-MIN($W48:$AI48))*($AM48-$AL48+IF(W48>10,1,0))+$AL48),0),0))),"") | AU48: =IF(AD48<>"",MIN($AM48,MAX($AL48,IF($AJ48>0,0.5*ROUNDUP(2*((AD48-MIN($W48:$AI48))/(MAX($W48:$AI48)-MIN($W48:$AI48))*($AM48-$AL48+IF(X48>10,1,0))+$AL48),0),0))),"") | ... AZ48: =IF(AI48<>"",MIN($AM48,MAX($AL48,IF($AJ48>0,0.5*ROUNDUP(2*((AI48-MIN($W48:$AI48))/(MAX($W48:$AI48)-MIN($W48:$AI48))*($AM48-$AL48+IF(AC48>10,1,0))+$AL48),0),0))),"") | BA48: =IF(ISNUMBER(AJ48),ROUND(2*AVERAGE(AN48:AZ48),0)/2,"")
R49: =ROUNDDOWN(2*(SUMPRODUCT(C$4:P$4,C49:P49)/SUM(C$4:P$4)*20+Q49),0)/2 -> 0 | W49: =IF(COUNT(D49:Q49)>0,ROUND(2*SUM(N49:Q49)/7*20,0)/2,"") | X49: =IF(AND(X$3<>"",$W49<>""),ROUND(2*($R49*(COUNT($X$3:$AI$3)+1)-$W49)*X$3,0)/2,"") | Y49: =IF(AND(Y$3<>"",$W49<>""),ROUND(2*($R49*(COUNT($X$3:$AI$3)+1)-$W49)*Y$3,0)/2,"") | Z49: =IF(AND(Z$3<>"",$W49<>""),ROUND(2*($R49*(COUNT($X$3:$AI$3)+1)-$W49)*Z$3,0)/2,"") | AA49: =IF(AND(AA$3<>"",$W49<>""),ROUND(2*($R49*(COUNT($X$3:$AI$3)+1)-$W49)*AA$3,0)/2,"") | AB49: =IF(AND(AB$3<>"",$W49<>""),ROUND(2*($R49*(COUNT($X$3:$AI$3)+1)-$W49)*AB$3,0)/2,"") | AC49: =IF(AND(AC$3<>"",$W49<>""),ROUND(2*($R49*(COUNT($X$3:$AI$3)+1)-$W49)*AC$3,0)/2,"") | AD49: =IF(AND(AD$3<>"",$W49<>""),ROUND(2*($R49*(COUNT($X$3:$AI$3)+1)-$W49)*AD$3,0)/2,"") | AE49: =IF(AND(AE$3<>"",$W49<>""),ROUND(2*($R49*(COUNT($X$3:$AI$3)+1)-$W49)*AE$3,0)/2,"") | ... AI49: =IF(AND(AI$3<>"",$W49<>""),ROUND(2*($R49*(COUNT($X$3:$AI$3)+1)-$W49)*AI$3,0)/2,"") | AJ49: =IF(COUNT(W49:AI49)>0,ROUND(2*AVERAGE(W49:AE49),0)/2,"") | AL49: =IF(R49<10,MAX(0,2*R49-10),MAX(10,2*R49-20)) -> 0 | AM49: =2*R49-AL49 -> 0 | AN49: =IF(W49<>"",MIN($AM49,MAX($AL49,IF($AJ49>0,0.5*ROUNDUP(2*((W49-MIN($W49:$AI49))/(MAX($W49:$AI49)-MIN($W49:$AI49))*($AM49-$AL49+IF(Q49>10,1,0))+$AL49),0),0))),"") | AO49: =IF(X49<>"",MIN($AM49,MAX($AL49,IF($AJ49>0,0.5*ROUNDUP(2*((X49-MIN($W49:$AI49))/(MAX($W49:$AI49)-MIN($W49:$AI49))*($AM49-$AL49+IF(R49>10,1,0))+$AL49),0),0))),"") | AP49: =IF(Y49<>"",MIN($AM49,MAX($AL49,IF($AJ49>0,0.5*ROUNDUP(2*((Y49-MIN($W49:$AI49))/(MAX($W49:$AI49)-MIN($W49:$AI49))*($AM49-$AL49+IF(S49>10,1,0))+$AL49),0),0))),"") | AQ49: =IF(Z49<>"",MIN($AM49,MAX($AL49,IF($AJ49>0,0.5*ROUNDUP(2*((Z49-MIN($W49:$AI49))/(MAX($W49:$AI49)-MIN($W49:$AI49))*($AM49-$AL49+IF(T49>10,1,0))+$AL49),0),0))),"") | AR49: =IF(AA49<>"",MIN($AM49,MAX($AL49,IF($AJ49>0,0.5*ROUNDUP(2*((AA49-MIN($W49:$AI49))/(MAX($W49:$AI49)-MIN($W49:$AI49))*($AM49-$AL49+IF(U49>10,1,0))+$AL49),0),0))),"") | AS49: =IF(AB49<>"",MIN($AM49,MAX($AL49,IF($AJ49>0,0.5*ROUNDUP(2*((AB49-MIN($W49:$AI49))/(MAX($W49:$AI49)-MIN($W49:$AI49))*($AM49-$AL49+IF(V49>10,1,0))+$AL49),0),0))),"") | AT49: =IF(AC49<>"",MIN($AM49,MAX($AL49,IF($AJ49>0,0.5*ROUNDUP(2*((AC49-MIN($W49:$AI49))/(MAX($W49:$AI49)-MIN($W49:$AI49))*($AM49-$AL49+IF(W49>10,1,0))+$AL49),0),0))),"") | AU49: =IF(AD49<>"",MIN($AM49,MAX($AL49,IF($AJ49>0,0.5*ROUNDUP(2*((AD49-MIN($W49:$AI49))/(MAX($W49:$AI49)-MIN($W49:$AI49))*($AM49-$AL49+IF(X49>10,1,0))+$AL49),0),0))),"") | ... AZ49: =IF(AI49<>"",MIN($AM49,MAX($AL49,IF($AJ49>0,0.5*ROUNDUP(2*((AI49-MIN($W49:$AI49))/(MAX($W49:$AI49)-MIN($W49:$AI49))*($AM49-$AL49+IF(AC49>10,1,0))+$AL49),0),0))),"") | BA49: =IF(ISNUMBER(AJ49),ROUND(2*AVERAGE(AN49:AZ49),0)/2,"")
R50: =ROUNDDOWN(2*(SUMPRODUCT(C$4:P$4,C50:P50)/SUM(C$4:P$4)*20+Q50),0)/2 -> 0 | W50: =IF(COUNT(D50:Q50)>0,ROUND(2*SUM(N50:Q50)/7*20,0)/2,"") | X50: =IF(AND(X$3<>"",$W50<>""),ROUND(2*($R50*(COUNT($X$3:$AI$3)+1)-$W50)*X$3,0)/2,"") | Y50: =IF(AND(Y$3<>"",$W50<>""),ROUND(2*($R50*(COUNT($X$3:$AI$3)+1)-$W50)*Y$3,0)/2,"") | Z50: =IF(AND(Z$3<>"",$W50<>""),ROUND(2*($R50*(COUNT($X$3:$AI$3)+1)-$W50)*Z$3,0)/2,"") | AA50: =IF(AND(AA$3<>"",$W50<>""),ROUND(2*($R50*(COUNT($X$3:$AI$3)+1)-$W50)*AA$3,0)/2,"") | AB50: =IF(AND(AB$3<>"",$W50<>""),ROUND(2*($R50*(COUNT($X$3:$AI$3)+1)-$W50)*AB$3,0)/2,"") | AC50: =IF(AND(AC$3<>"",$W50<>""),ROUND(2*($R50*(COUNT($X$3:$AI$3)+1)-$W50)*AC$3,0)/2,"") | AD50: =IF(AND(AD$3<>"",$W50<>""),ROUND(2*($R50*(COUNT($X$3:$AI$3)+1)-$W50)*AD$3,0)/2,"") | AE50: =IF(AND(AE$3<>"",$W50<>""),ROUND(2*($R50*(COUNT($X$3:$AI$3)+1)-$W50)*AE$3,0)/2,"") | ... AI50: =IF(AND(AI$3<>"",$W50<>""),ROUND(2*($R50*(COUNT($X$3:$AI$3)+1)-$W50)*AI$3,0)/2,"") | AJ50: =IF(COUNT(W50:AI50)>0,ROUND(2*AVERAGE(W50:AE50),0)/2,"") | AL50: =IF(R50<10,MAX(0,2*R50-10),MAX(10,2*R50-20)) -> 0 | AM50: =2*R50-AL50 -> 0 | AN50: =IF(W50<>"",MIN($AM50,MAX($AL50,IF($AJ50>0,0.5*ROUNDUP(2*((W50-MIN($W50:$AI50))/(MAX($W50:$AI50)-MIN($W50:$AI50))*($AM50-$AL50+IF(Q50>10,1,0))+$AL50),0),0))),"") | AO50: =IF(X50<>"",MIN($AM50,MAX($AL50,IF($AJ50>0,0.5*ROUNDUP(2*((X50-MIN($W50:$AI50))/(MAX($W50:$AI50)-MIN($W50:$AI50))*($AM50-$AL50+IF(R50>10,1,0))+$AL50),0),0))),"") | AP50: =IF(Y50<>"",MIN($AM50,MAX($AL50,IF($AJ50>0,0.5*ROUNDUP(2*((Y50-MIN($W50:$AI50))/(MAX($W50:$AI50)-MIN($W50:$AI50))*($AM50-$AL50+IF(S50>10,1,0))+$AL50),0),0))),"") | AQ50: =IF(Z50<>"",MIN($AM50,MAX($AL50,IF($AJ50>0,0.5*ROUNDUP(2*((Z50-MIN($W50:$AI50))/(MAX($W50:$AI50)-MIN($W50:$AI50))*($AM50-$AL50+IF(T50>10,1,0))+$AL50),0),0))),"") | AR50: =IF(AA50<>"",MIN($AM50,MAX($AL50,IF($AJ50>0,0.5*ROUNDUP(2*((AA50-MIN($W50:$AI50))/(MAX($W50:$AI50)-MIN($W50:$AI50))*($AM50-$AL50+IF(U50>10,1,0))+$AL50),0),0))),"") | AS50: =IF(AB50<>"",MIN($AM50,MAX($AL50,IF($AJ50>0,0.5*ROUNDUP(2*((AB50-MIN($W50:$AI50))/(MAX($W50:$AI50)-MIN($W50:$AI50))*($AM50-$AL50+IF(V50>10,1,0))+$AL50),0),0))),"") | AT50: =IF(AC50<>"",MIN($AM50,MAX($AL50,IF($AJ50>0,0.5*ROUNDUP(2*((AC50-MIN($W50:$AI50))/(MAX($W50:$AI50)-MIN($W50:$AI50))*($AM50-$AL50+IF(W50>10,1,0))+$AL50),0),0))),"") | AU50: =IF(AD50<>"",MIN($AM50,MAX($AL50,IF($AJ50>0,0.5*ROUNDUP(2*((AD50-MIN($W50:$AI50))/(MAX($W50:$AI50)-MIN($W50:$AI50))*($AM50-$AL50+IF(X50>10,1,0))+$AL50),0),0))),"") | ... AZ50: =IF(AI50<>"",MIN($AM50,MAX($AL50,IF($AJ50>0,0.5*ROUNDUP(2*((AI50-MIN($W50:$AI50))/(MAX($W50:$AI50)-MIN($W50:$AI50))*($AM50-$AL50+IF(AC50>10,1,0))+$AL50),0),0))),"") | BA50: =IF(ISNUMBER(AJ50),ROUND(2*AVERAGE(AN50:AZ50),0)/2,"")
R51: =ROUNDDOWN(2*(SUMPRODUCT(C$4:P$4,C51:P51)/SUM(C$4:P$4)*20+Q51),0)/2 -> 0 | W51: =IF(COUNT(D51:Q51)>0,ROUND(2*SUM(N51:Q51)/7*20,0)/2,"") | X51: =IF(AND(X$3<>"",$W51<>""),ROUND(2*($R51*(COUNT($X$3:$AI$3)+1)-$W51)*X$3,0)/2,"") | Y51: =IF(AND(Y$3<>"",$W51<>""),ROUND(2*($R51*(COUNT($X$3:$AI$3)+1)-$W51)*Y$3,0)/2,"") | Z51: =IF(AND(Z$3<>"",$W51<>""),ROUND(2*($R51*(COUNT($X$3:$AI$3)+1)-$W51)*Z$3,0)/2,"") | AA51: =IF(AND(AA$3<>"",$W51<>""),ROUND(2*($R51*(COUNT($X$3:$AI$3)+1)-$W51)*AA$3,0)/2,"") | AB51: =IF(AND(AB$3<>"",$W51<>""),ROUND(2*($R51*(COUNT($X$3:$AI$3)+1)-$W51)*AB$3,0)/2,"") | AC51: =IF(AND(AC$3<>"",$W51<>""),ROUND(2*($R51*(COUNT($X$3:$AI$3)+1)-$W51)*AC$3,0)/2,"") | AD51: =IF(AND(AD$3<>"",$W51<>""),ROUND(2*($R51*(COUNT($X$3:$AI$3)+1)-$W51)*AD$3,0)/2,"") | AE51: =IF(AND(AE$3<>"",$W51<>""),ROUND(2*($R51*(COUNT($X$3:$AI$3)+1)-$W51)*AE$3,0)/2,"") | ... AI51: =IF(AND(AI$3<>"",$W51<>""),ROUND(2*($R51*(COUNT($X$3:$AI$3)+1)-$W51)*AI$3,0)/2,"") | AJ51: =IF(COUNT(W51:AI51)>0,ROUND(2*AVERAGE(W51:AE51),0)/2,"") | AL51: =IF(R51<10,MAX(0,2*R51-10),MAX(10,2*R51-20)) -> 0 | AM51: =2*R51-AL51 -> 0 | AN51: =IF(W51<>"",MIN($AM51,MAX($AL51,IF($AJ51>0,0.5*ROUNDUP(2*((W51-MIN($W51:$AI51))/(MAX($W51:$AI51)-MIN($W51:$AI51))*($AM51-$AL51+IF(Q51>10,1,0))+$AL51),0),0))),"") | AO51: =IF(X51<>"",MIN($AM51,MAX($AL51,IF($AJ51>0,0.5*ROUNDUP(2*((X51-MIN($W51:$AI51))/(MAX($W51:$AI51)-MIN($W51:$AI51))*($AM51-$AL51+IF(R51>10,1,0))+$AL51),0),0))),"") | AP51: =IF(Y51<>"",MIN($AM51,MAX($AL51,IF($AJ51>0,0.5*ROUNDUP(2*((Y51-MIN($W51:$AI51))/(MAX($W51:$AI51)-MIN($W51:$AI51))*($AM51-$AL51+IF(S51>10,1,0))+$AL51),0),0))),"") | AQ51: =IF(Z51<>"",MIN($AM51,MAX($AL51,IF($AJ51>0,0.5*ROUNDUP(2*((Z51-MIN($W51:$AI51))/(MAX($W51:$AI51)-MIN($W51:$AI51))*($AM51-$AL51+IF(T51>10,1,0))+$AL51),0),0))),"") | AR51: =IF(AA51<>"",MIN($AM51,MAX($AL51,IF($AJ51>0,0.5*ROUNDUP(2*((AA51-MIN($W51:$AI51))/(MAX($W51:$AI51)-MIN($W51:$AI51))*($AM51-$AL51+IF(U51>10,1,0))+$AL51),0),0))),"") | AS51: =IF(AB51<>"",MIN($AM51,MAX($AL51,IF($AJ51>0,0.5*ROUNDUP(2*((AB51-MIN($W51:$AI51))/(MAX($W51:$AI51)-MIN($W51:$AI51))*($AM51-$AL51+IF(V51>10,1,0))+$AL51),0),0))),"") | AT51: =IF(AC51<>"",MIN($AM51,MAX($AL51,IF($AJ51>0,0.5*ROUNDUP(2*((AC51-MIN($W51:$AI51))/(MAX($W51:$AI51)-MIN($W51:$AI51))*($AM51-$AL51+IF(W51>10,1,0))+$AL51),0),0))),"") | AU51: =IF(AD51<>"",MIN($AM51,MAX($AL51,IF($AJ51>0,0.5*ROUNDUP(2*((AD51-MIN($W51:$AI51))/(MAX($W51:$AI51)-MIN($W51:$AI51))*($AM51-$AL51+IF(X51>10,1,0))+$AL51),0),0))),"") | ... AZ51: =IF(AI51<>"",MIN($AM51,MAX($AL51,IF($AJ51>0,0.5*ROUNDUP(2*((AI51-MIN($W51:$AI51))/(MAX($W51:$AI51)-MIN($W51:$AI51))*($AM51-$AL51+IF(AC51>10,1,0))+$AL51),0),0))),"") | BA51: =IF(ISNUMBER(AJ51),ROUND(2*AVERAGE(AN51:AZ51),0)/2,"")
R52: =ROUNDDOWN(2*(SUMPRODUCT(C$4:P$4,C52:P52)/SUM(C$4:P$4)*20+Q52),0)/2 -> 0 | W52: =IF(COUNT(D52:Q52)>0,ROUND(2*SUM(N52:Q52)/7*20,0)/2,"") | X52: =IF(AND(X$3<>"",$W52<>""),ROUND(2*($R52*(COUNT($X$3:$AI$3)+1)-$W52)*X$3,0)/2,"") | Y52: =IF(AND(Y$3<>"",$W52<>""),ROUND(2*($R52*(COUNT($X$3:$AI$3)+1)-$W52)*Y$3,0)/2,"") | Z52: =IF(AND(Z$3<>"",$W52<>""),ROUND(2*($R52*(COUNT($X$3:$AI$3)+1)-$W52)*Z$3,0)/2,"") | AA52: =IF(AND(AA$3<>"",$W52<>""),ROUND(2*($R52*(COUNT($X$3:$AI$3)+1)-$W52)*AA$3,0)/2,"") | AB52: =IF(AND(AB$3<>"",$W52<>""),ROUND(2*($R52*(COUNT($X$3:$AI$3)+1)-$W52)*AB$3,0)/2,"") | AC52: =IF(AND(AC$3<>"",$W52<>""),ROUND(2*($R52*(COUNT($X$3:$AI$3)+1)-$W52)*AC$3,0)/2,"") | AD52: =IF(AND(AD$3<>"",$W52<>""),ROUND(2*($R52*(COUNT($X$3:$AI$3)+1)-$W52)*AD$3,0)/2,"") | AE52: =IF(AND(AE$3<>"",$W52<>""),ROUND(2*($R52*(COUNT($X$3:$AI$3)+1)-$W52)*AE$3,0)/2,"") | ... AI52: =IF(AND(AI$3<>"",$W52<>""),ROUND(2*($R52*(COUNT($X$3:$AI$3)+1)-$W52)*AI$3,0)/2,"") | AJ52: =IF(COUNT(W52:AI52)>0,ROUND(2*AVERAGE(W52:AE52),0)/2,"") | AL52: =IF(R52<10,MAX(0,2*R52-10),MAX(10,2*R52-20)) -> 0 | AM52: =2*R52-AL52 -> 0 | AN52: =IF(W52<>"",MIN($AM52,MAX($AL52,IF($AJ52>0,0.5*ROUNDUP(2*((W52-MIN($W52:$AI52))/(MAX($W52:$AI52)-MIN($W52:$AI52))*($AM52-$AL52+IF(Q52>10,1,0))+$AL52),0),0))),"") | AO52: =IF(X52<>"",MIN($AM52,MAX($AL52,IF($AJ52>0,0.5*ROUNDUP(2*((X52-MIN($W52:$AI52))/(MAX($W52:$AI52)-MIN($W52:$AI52))*($AM52-$AL52+IF(R52>10,1,0))+$AL52),0),0))),"") | AP52: =IF(Y52<>"",MIN($AM52,MAX($AL52,IF($AJ52>0,0.5*ROUNDUP(2*((Y52-MIN($W52:$AI52))/(MAX($W52:$AI52)-MIN($W52:$AI52))*($AM52-$AL52+IF(S52>10,1,0))+$AL52),0),0))),"") | AQ52: =IF(Z52<>"",MIN($AM52,MAX($AL52,IF($AJ52>0,0.5*ROUNDUP(2*((Z52-MIN($W52:$AI52))/(MAX($W52:$AI52)-MIN($W52:$AI52))*($AM52-$AL52+IF(T52>10,1,0))+$AL52),0),0))),"") | AR52: =IF(AA52<>"",MIN($AM52,MAX($AL52,IF($AJ52>0,0.5*ROUNDUP(2*((AA52-MIN($W52:$AI52))/(MAX($W52:$AI52)-MIN($W52:$AI52))*($AM52-$AL52+IF(U52>10,1,0))+$AL52),0),0))),"") | AS52: =IF(AB52<>"",MIN($AM52,MAX($AL52,IF($AJ52>0,0.5*ROUNDUP(2*((AB52-MIN($W52:$AI52))/(MAX($W52:$AI52)-MIN($W52:$AI52))*($AM52-$AL52+IF(V52>10,1,0))+$AL52),0),0))),"") | AT52: =IF(AC52<>"",MIN($AM52,MAX($AL52,IF($AJ52>0,0.5*ROUNDUP(2*((AC52-MIN($W52:$AI52))/(MAX($W52:$AI52)-MIN($W52:$AI52))*($AM52-$AL52+IF(W52>10,1,0))+$AL52),0),0))),"") | AU52: =IF(AD52<>"",MIN($AM52,MAX($AL52,IF($AJ52>0,0.5*ROUNDUP(2*((AD52-MIN($W52:$AI52))/(MAX($W52:$AI52)-MIN($W52:$AI52))*($AM52-$AL52+IF(X52>10,1,0))+$AL52),0),0))),"") | ... AZ52: =IF(AI52<>"",MIN($AM52,MAX($AL52,IF($AJ52>0,0.5*ROUNDUP(2*((AI52-MIN($W52:$AI52))/(MAX($W52:$AI52)-MIN($W52:$AI52))*($AM52-$AL52+IF(AC52>10,1,0))+$AL52),0),0))),"") | BA52: =IF(ISNUMBER(AJ52),ROUND(2*AVERAGE(AN52:AZ52),0)/2,"")
A53: 9 | R53: =ROUNDDOWN(2*(SUMPRODUCT(C$4:P$4,C53:P53)/SUM(C$4:P$4)*20+Q53),0)/2 -> 0 | W53: =IF(COUNT(D53:Q53)>0,ROUND(2*SUM(N53:Q53)/7*20,0)/2,"") | X53: =IF(AND(X$3<>"",$W53<>""),ROUND(2*($R53*(COUNT($X$3:$AI$3)+1)-$W53)*X$3,0)/2,"") | Y53: =IF(AND(Y$3<>"",$W53<>""),ROUND(2*($R53*(COUNT($X$3:$AI$3)+1)-$W53)*Y$3,0)/2,"") | Z53: =IF(AND(Z$3<>"",$W53<>""),ROUND(2*($R53*(COUNT($X$3:$AI$3)+1)-$W53)*Z$3,0)/2,"") | AA53: =IF(AND(AA$3<>"",$W53<>""),ROUND(2*($R53*(COUNT($X$3:$AI$3)+1)-$W53)*AA$3,0)/2,"") | AB53: =IF(AND(AB$3<>"",$W53<>""),ROUND(2*($R53*(COUNT($X$3:$AI$3)+1)-$W53)*AB$3,0)/2,"") | AC53: =IF(AND(AC$3<>"",$W53<>""),ROUND(2*($R53*(COUNT($X$3:$AI$3)+1)-$W53)*AC$3,0)/2,"") | AD53: =IF(AND(AD$3<>"",$W53<>""),ROUND(2*($R53*(COUNT($X$3:$AI$3)+1)-$W53)*AD$3,0)/2,"") | AE53: =IF(AND(AE$3<>"",$W53<>""),ROUND(2*($R53*(COUNT($X$3:$AI$3)+1)-$W53)*AE$3,0)/2,"") | ... AI53: =IF(AND(AI$3<>"",$W53<>""),ROUND(2*($R53*(COUNT($X$3:$AI$3)+1)-$W53)*AI$3,0)/2,"") | AJ53: =IF(COUNT(W53:AI53)>0,ROUND(2*AVERAGE(W53:AE53),0)/2,"") | AL53: =IF(R53<10,MAX(0,2*R53-10),MAX(10,2*R53-20)) -> 0 | AM53: =2*R53-AL53 -> 0 | AN53: =IF(W53<>"",MIN($AM53,MAX($AL53,IF($AJ53>0,0.5*ROUNDUP(2*((W53-MIN($W53:$AI53))/(MAX($W53:$AI53)-MIN($W53:$AI53))*($AM53-$AL53+IF(Q53>10,1,0))+$AL53),0),0))),"") | AO53: =IF(X53<>"",MIN($AM53,MAX($AL53,IF($AJ53>0,0.5*ROUNDUP(2*((X53-MIN($W53:$AI53))/(MAX($W53:$AI53)-MIN($W53:$AI53))*($AM53-$AL53+IF(R53>10,1,0))+$AL53),0),0))),"") | AP53: =IF(Y53<>"",MIN($AM53,MAX($AL53,IF($AJ53>0,0.5*ROUNDUP(2*((Y53-MIN($W53:$AI53))/(MAX($W53:$AI53)-MIN($W53:$AI53))*($AM53-$AL53+IF(S53>10,1,0))+$AL53),0),0))),"") | AQ53: =IF(Z53<>"",MIN($AM53,MAX($AL53,IF($AJ53>0,0.5*ROUNDUP(2*((Z53-MIN($W53:$AI53))/(MAX($W53:$AI53)-MIN($W53:$AI53))*($AM53-$AL53+IF(T53>10,1,0))+$AL53),0),0))),"") | AR53: =IF(AA53<>"",MIN($AM53,MAX($AL53,IF($AJ53>0,0.5*ROUNDUP(2*((AA53-MIN($W53:$AI53))/(MAX($W53:$AI53)-MIN($W53:$AI53))*($AM53-$AL53+IF(U53>10,1,0))+$AL53),0),0))),"") | AS53: =IF(AB53<>"",MIN($AM53,MAX($AL53,IF($AJ53>0,0.5*ROUNDUP(2*((AB53-MIN($W53:$AI53))/(MAX($W53:$AI53)-MIN($W53:$AI53))*($AM53-$AL53+IF(V53>10,1,0))+$AL53),0),0))),"") | AT53: =IF(AC53<>"",MIN($AM53,MAX($AL53,IF($AJ53>0,0.5*ROUNDUP(2*((AC53-MIN($W53:$AI53))/(MAX($W53:$AI53)-MIN($W53:$AI53))*($AM53-$AL53+IF(W53>10,1,0))+$AL53),0),0))),"") | AU53: =IF(AD53<>"",MIN($AM53,MAX($AL53,IF($AJ53>0,0.5*ROUNDUP(2*((AD53-MIN($W53:$AI53))/(MAX($W53:$AI53)-MIN($W53:$AI53))*($AM53-$AL53+IF(X53>10,1,0))+$AL53),0),0))),"") | ... AZ53: =IF(AI53<>"",MIN($AM53,MAX($AL53,IF($AJ53>0,0.5*ROUNDUP(2*((AI53-MIN($W53:$AI53))/(MAX($W53:$AI53)-MIN($W53:$AI53))*($AM53-$AL53+IF(AC53>10,1,0))+$AL53),0),0))),"") | BA53: =IF(ISNUMBER(AJ53),ROUND(2*AVERAGE(AN53:AZ53),0)/2,"")
R54: =ROUNDDOWN(2*(SUMPRODUCT(C$4:P$4,C54:P54)/SUM(C$4:P$4)*20+Q54),0)/2 -> 0 | W54: =IF(COUNT(D54:Q54)>0,ROUND(2*SUM(N54:Q54)/7*20,0)/2,"") | X54: =IF(AND(X$3<>"",$W54<>""),ROUND(2*($R54*(COUNT($X$3:$AI$3)+1)-$W54)*X$3,0)/2,"") | Y54: =IF(AND(Y$3<>"",$W54<>""),ROUND(2*($R54*(COUNT($X$3:$AI$3)+1)-$W54)*Y$3,0)/2,"") | Z54: =IF(AND(Z$3<>"",$W54<>""),ROUND(2*($R54*(COUNT($X$3:$AI$3)+1)-$W54)*Z$3,0)/2,"") | AA54: =IF(AND(AA$3<>"",$W54<>""),ROUND(2*($R54*(COUNT($X$3:$AI$3)+1)-$W54)*AA$3,0)/2,"") | AB54: =IF(AND(AB$3<>"",$W54<>""),ROUND(2*($R54*(COUNT($X$3:$AI$3)+1)-$W54)*AB$3,0)/2,"") | AC54: =IF(AND(AC$3<>"",$W54<>""),ROUND(2*($R54*(COUNT($X$3:$AI$3)+1)-$W54)*AC$3,0)/2,"") | AD54: =IF(AND(AD$3<>"",$W54<>""),ROUND(2*($R54*(COUNT($X$3:$AI$3)+1)-$W54)*AD$3,0)/2,"") | AE54: =IF(AND(AE$3<>"",$W54<>""),ROUND(2*($R54*(COUNT($X$3:$AI$3)+1)-$W54)*AE$3,0)/2,"") | ... AI54: =IF(AND(AI$3<>"",$W54<>""),ROUND(2*($R54*(COUNT($X$3:$AI$3)+1)-$W54)*AI$3,0)/2,"") | AJ54: =IF(COUNT(W54:AI54)>0,ROUND(2*AVERAGE(W54:AE54),0)/2,"") | AL54: =IF(R54<10,MAX(0,2*R54-10),MAX(10,2*R54-20)) -> 0 | AM54: =2*R54-AL54 -> 0 | AN54: =IF(W54<>"",MIN($AM54,MAX($AL54,IF($AJ54>0,0.5*ROUNDUP(2*((W54-MIN($W54:$AI54))/(MAX($W54:$AI54)-MIN($W54:$AI54))*($AM54-$AL54+IF(Q54>10,1,0))+$AL54),0),0))),"") | AO54: =IF(X54<>"",MIN($AM54,MAX($AL54,IF($AJ54>0,0.5*ROUNDUP(2*((X54-MIN($W54:$AI54))/(MAX($W54:$AI54)-MIN($W54:$AI54))*($AM54-$AL54+IF(R54>10,1,0))+$AL54),0),0))),"") | AP54: =IF(Y54<>"",MIN($AM54,MAX($AL54,IF($AJ54>0,0.5*ROUNDUP(2*((Y54-MIN($W54:$AI54))/(MAX($W54:$AI54)-MIN($W54:$AI54))*($AM54-$AL54+IF(S54>10,1,0))+$AL54),0),0))),"") | AQ54: =IF(Z54<>"",MIN($AM54,MAX($AL54,IF($AJ54>0,0.5*ROUNDUP(2*((Z54-MIN($W54:$AI54))/(MAX($W54:$AI54)-MIN($W54:$AI54))*($AM54-$AL54+IF(T54>10,1,0))+$AL54),0),0))),"") | AR54: =IF(AA54<>"",MIN($AM54,MAX($AL54,IF($AJ54>0,0.5*ROUNDUP(2*((AA54-MIN($W54:$AI54))/(MAX($W54:$AI54)-MIN($W54:$AI54))*($AM54-$AL54+IF(U54>10,1,0))+$AL54),0),0))),"") | AS54: =IF(AB54<>"",MIN($AM54,MAX($AL54,IF($AJ54>0,0.5*ROUNDUP(2*((AB54-MIN($W54:$AI54))/(MAX($W54:$AI54)-MIN($W54:$AI54))*($AM54-$AL54+IF(V54>10,1,0))+$AL54),0),0))),"") | AT54: =IF(AC54<>"",MIN($AM54,MAX($AL54,IF($AJ54>0,0.5*ROUNDUP(2*((AC54-MIN($W54:$AI54))/(MAX($W54:$AI54)-MIN($W54:$AI54))*($AM54-$AL54+IF(W54>10,1,0))+$AL54),0),0))),"") | AU54: =IF(AD54<>"",MIN($AM54,MAX($AL54,IF($AJ54>0,0.5*ROUNDUP(2*((AD54-MIN($W54:$AI54))/(MAX($W54:$AI54)-MIN($W54:$AI54))*($AM54-$AL54+IF(X54>10,1,0))+$AL54),0),0))),"") | ... AZ54: =IF(AI54<>"",MIN($AM54,MAX($AL54,IF($AJ54>0,0.5*ROUNDUP(2*((AI54-MIN($W54:$AI54))/(MAX($W54:$AI54)-MIN($W54:$AI54))*($AM54-$AL54+IF(AC54>10,1,0))+$AL54),0),0))),"") | BA54: =IF(ISNUMBER(AJ54),ROUND(2*AVERAGE(AN54:AZ54),0)/2,"")
R55: =ROUNDDOWN(2*(SUMPRODUCT(C$4:P$4,C55:P55)/SUM(C$4:P$4)*20+Q55),0)/2 -> 0 | W55: =IF(COUNT(D55:Q55)>0,ROUND(2*SUM(N55:Q55)/7*20,0)/2,"") | X55: =IF(AND(X$3<>"",$W55<>""),ROUND(2*($R55*(COUNT($X$3:$AI$3)+1)-$W55)*X$3,0)/2,"") | Y55: =IF(AND(Y$3<>"",$W55<>""),ROUND(2*($R55*(COUNT($X$3:$AI$3)+1)-$W55)*Y$3,0)/2,"") | Z55: =IF(AND(Z$3<>"",$W55<>""),ROUND(2*($R55*(COUNT($X$3:$AI$3)+1)-$W55)*Z$3,0)/2,"") | AA55: =IF(AND(AA$3<>"",$W55<>""),ROUND(2*($R55*(COUNT($X$3:$AI$3)+1)-$W55)*AA$3,0)/2,"") | AB55: =IF(AND(AB$3<>"",$W55<>""),ROUND(2*($R55*(COUNT($X$3:$AI$3)+1)-$W55)*AB$3,0)/2,"") | AC55: =IF(AND(AC$3<>"",$W55<>""),ROUND(2*($R55*(COUNT($X$3:$AI$3)+1)-$W55)*AC$3,0)/2,"") | AD55: =IF(AND(AD$3<>"",$W55<>""),ROUND(2*($R55*(COUNT($X$3:$AI$3)+1)-$W55)*AD$3,0)/2,"") | AE55: =IF(AND(AE$3<>"",$W55<>""),ROUND(2*($R55*(COUNT($X$3:$AI$3)+1)-$W55)*AE$3,0)/2,"") | ... AI55: =IF(AND(AI$3<>"",$W55<>""),ROUND(2*($R55*(COUNT($X$3:$AI$3)+1)-$W55)*AI$3,0)/2,"") | AJ55: =IF(COUNT(W55:AI55)>0,ROUND(2*AVERAGE(W55:AE55),0)/2,"") | AL55: =IF(R55<10,MAX(0,2*R55-10),MAX(10,2*R55-20)) -> 0 | AM55: =2*R55-AL55 -> 0 | AN55: =IF(W55<>"",MIN($AM55,MAX($AL55,IF($AJ55>0,0.5*ROUNDUP(2*((W55-MIN($W55:$AI55))/(MAX($W55:$AI55)-MIN($W55:$AI55))*($AM55-$AL55+IF(Q55>10,1,0))+$AL55),0),0))),"") | AO55: =IF(X55<>"",MIN($AM55,MAX($AL55,IF($AJ55>0,0.5*ROUNDUP(2*((X55-MIN($W55:$AI55))/(MAX($W55:$AI55)-MIN($W55:$AI55))*($AM55-$AL55+IF(R55>10,1,0))+$AL55),0),0))),"") | AP55: =IF(Y55<>"",MIN($AM55,MAX($AL55,IF($AJ55>0,0.5*ROUNDUP(2*((Y55-MIN($W55:$AI55))/(MAX($W55:$AI55)-MIN($W55:$AI55))*($AM55-$AL55+IF(S55>10,1,0))+$AL55),0),0))),"") | AQ55: =IF(Z55<>"",MIN($AM55,MAX($AL55,IF($AJ55>0,0.5*ROUNDUP(2*((Z55-MIN($W55:$AI55))/(MAX($W55:$AI55)-MIN($W55:$AI55))*($AM55-$AL55+IF(T55>10,1,0))+$AL55),0),0))),"") | AR55: =IF(AA55<>"",MIN($AM55,MAX($AL55,IF($AJ55>0,0.5*ROUNDUP(2*((AA55-MIN($W55:$AI55))/(MAX($W55:$AI55)-MIN($W55:$AI55))*($AM55-$AL55+IF(U55>10,1,0))+$AL55),0),0))),"") | AS55: =IF(AB55<>"",MIN($AM55,MAX($AL55,IF($AJ55>0,0.5*ROUNDUP(2*((AB55-MIN($W55:$AI55))/(MAX($W55:$AI55)-MIN($W55:$AI55))*($AM55-$AL55+IF(V55>10,1,0))+$AL55),0),0))),"") | AT55: =IF(AC55<>"",MIN($AM55,MAX($AL55,IF($AJ55>0,0.5*ROUNDUP(2*((AC55-MIN($W55:$AI55))/(MAX($W55:$AI55)-MIN($W55:$AI55))*($AM55-$AL55+IF(W55>10,1,0))+$AL55),0),0))),"") | AU55: =IF(AD55<>"",MIN($AM55,MAX($AL55,IF($AJ55>0,0.5*ROUNDUP(2*((AD55-MIN($W55:$AI55))/(MAX($W55:$AI55)-MIN($W55:$AI55))*($AM55-$AL55+IF(X55>10,1,0))+$AL55),0),0))),"") | ... AZ55: =IF(AI55<>"",MIN($AM55,MAX($AL55,IF($AJ55>0,0.5*ROUNDUP(2*((AI55-MIN($W55:$AI55))/(MAX($W55:$AI55)-MIN($W55:$AI55))*($AM55-$AL55+IF(AC55>10,1,0))+$AL55),0),0))),"") | BA55: =IF(ISNUMBER(AJ55),ROUND(2*AVERAGE(AN55:AZ55),0)/2,"")
R56: =ROUNDDOWN(2*(SUMPRODUCT(C$4:P$4,C56:P56)/SUM(C$4:P$4)*20+Q56),0)/2 -> 0 | W56: =IF(COUNT(D56:Q56)>0,ROUND(2*SUM(N56:Q56)/7*20,0)/2,"") | X56: =IF(AND(X$3<>"",$W56<>""),ROUND(2*($R56*(COUNT($X$3:$AI$3)+1)-$W56)*X$3,0)/2,"") | Y56: =IF(AND(Y$3<>"",$W56<>""),ROUND(2*($R56*(COUNT($X$3:$AI$3)+1)-$W56)*Y$3,0)/2,"") | Z56: =IF(AND(Z$3<>"",$W56<>""),ROUND(2*($R56*(COUNT($X$3:$AI$3)+1)-$W56)*Z$3,0)/2,"") | AA56: =IF(AND(AA$3<>"",$W56<>""),ROUND(2*($R56*(COUNT($X$3:$AI$3)+1)-$W56)*AA$3,0)/2,"") | AB56: =IF(AND(AB$3<>"",$W56<>""),ROUND(2*($R56*(COUNT($X$3:$AI$3)+1)-$W56)*AB$3,0)/2,"") | AC56: =IF(AND(AC$3<>"",$W56<>""),ROUND(2*($R56*(COUNT($X$3:$AI$3)+1)-$W56)*AC$3,0)/2,"") | AD56: =IF(AND(AD$3<>"",$W56<>""),ROUND(2*($R56*(COUNT($X$3:$AI$3)+1)-$W56)*AD$3,0)/2,"") | AE56: =IF(AND(AE$3<>"",$W56<>""),ROUND(2*($R56*(COUNT($X$3:$AI$3)+1)-$W56)*AE$3,0)/2,"") | ... AI56: =IF(AND(AI$3<>"",$W56<>""),ROUND(2*($R56*(COUNT($X$3:$AI$3)+1)-$W56)*AI$3,0)/2,"") | AJ56: =IF(COUNT(W56:AI56)>0,ROUND(2*AVERAGE(W56:AE56),0)/2,"") | AL56: =IF(R56<10,MAX(0,2*R56-10),MAX(10,2*R56-20)) -> 0 | AM56: =2*R56-AL56 -> 0 | AN56: =IF(W56<>"",MIN($AM56,MAX($AL56,IF($AJ56>0,0.5*ROUNDUP(2*((W56-MIN($W56:$AI56))/(MAX($W56:$AI56)-MIN($W56:$AI56))*($AM56-$AL56+IF(Q56>10,1,0))+$AL56),0),0))),"") | AO56: =IF(X56<>"",MIN($AM56,MAX($AL56,IF($AJ56>0,0.5*ROUNDUP(2*((X56-MIN($W56:$AI56))/(MAX($W56:$AI56)-MIN($W56:$AI56))*($AM56-$AL56+IF(R56>10,1,0))+$AL56),0),0))),"") | AP56: =IF(Y56<>"",MIN($AM56,MAX($AL56,IF($AJ56>0,0.5*ROUNDUP(2*((Y56-MIN($W56:$AI56))/(MAX($W56:$AI56)-MIN($W56:$AI56))*($AM56-$AL56+IF(S56>10,1,0))+$AL56),0),0))),"") | AQ56: =IF(Z56<>"",MIN($AM56,MAX($AL56,IF($AJ56>0,0.5*ROUNDUP(2*((Z56-MIN($W56:$AI56))/(MAX($W56:$AI56)-MIN($W56:$AI56))*($AM56-$AL56+IF(T56>10,1,0))+$AL56),0),0))),"") | AR56: =IF(AA56<>"",MIN($AM56,MAX($AL56,IF($AJ56>0,0.5*ROUNDUP(2*((AA56-MIN($W56:$AI56))/(MAX($W56:$AI56)-MIN($W56:$AI56))*($AM56-$AL56+IF(U56>10,1,0))+$AL56),0),0))),"") | AS56: =IF(AB56<>"",MIN($AM56,MAX($AL56,IF($AJ56>0,0.5*ROUNDUP(2*((AB56-MIN($W56:$AI56))/(MAX($W56:$AI56)-MIN($W56:$AI56))*($AM56-$AL56+IF(V56>10,1,0))+$AL56),0),0))),"") | AT56: =IF(AC56<>"",MIN($AM56,MAX($AL56,IF($AJ56>0,0.5*ROUNDUP(2*((AC56-MIN($W56:$AI56))/(MAX($W56:$AI56)-MIN($W56:$AI56))*($AM56-$AL56+IF(W56>10,1,0))+$AL56),0),0))),"") | AU56: =IF(AD56<>"",MIN($AM56,MAX($AL56,IF($AJ56>0,0.5*ROUNDUP(2*((AD56-MIN($W56:$AI56))/(MAX($W56:$AI56)-MIN($W56:$AI56))*($AM56-$AL56+IF(X56>10,1,0))+$AL56),0),0))),"") | ... AZ56: =IF(AI56<>"",MIN($AM56,MAX($AL56,IF($AJ56>0,0.5*ROUNDUP(2*((AI56-MIN($W56:$AI56))/(MAX($W56:$AI56)-MIN($W56:$AI56))*($AM56-$AL56+IF(AC56>10,1,0))+$AL56),0),0))),"") | BA56: =IF(ISNUMBER(AJ56),ROUND(2*AVERAGE(AN56:AZ56),0)/2,"")
R57: =ROUNDDOWN(2*(SUMPRODUCT(C$4:P$4,C57:P57)/SUM(C$4:P$4)*20+Q57),0)/2 -> 0 | W57: =IF(COUNT(D57:Q57)>0,ROUND(2*SUM(N57:Q57)/7*20,0)/2,"") | X57: =IF(AND(X$3<>"",$W57<>""),ROUND(2*($R57*(COUNT($X$3:$AI$3)+1)-$W57)*X$3,0)/2,"") | Y57: =IF(AND(Y$3<>"",$W57<>""),ROUND(2*($R57*(COUNT($X$3:$AI$3)+1)-$W57)*Y$3,0)/2,"") | Z57: =IF(AND(Z$3<>"",$W57<>""),ROUND(2*($R57*(COUNT($X$3:$AI$3)+1)-$W57)*Z$3,0)/2,"") | AA57: =IF(AND(AA$3<>"",$W57<>""),ROUND(2*($R57*(COUNT($X$3:$AI$3)+1)-$W57)*AA$3,0)/2,"") | AB57: =IF(AND(AB$3<>"",$W57<>""),ROUND(2*($R57*(COUNT($X$3:$AI$3)+1)-$W57)*AB$3,0)/2,"") | AC57: =IF(AND(AC$3<>"",$W57<>""),ROUND(2*($R57*(COUNT($X$3:$AI$3)+1)-$W57)*AC$3,0)/2,"") | AD57: =IF(AND(AD$3<>"",$W57<>""),ROUND(2*($R57*(COUNT($X$3:$AI$3)+1)-$W57)*AD$3,0)/2,"") | AE57: =IF(AND(AE$3<>"",$W57<>""),ROUND(2*($R57*(COUNT($X$3:$AI$3)+1)-$W57)*AE$3,0)/2,"") | ... AI57: =IF(AND(AI$3<>"",$W57<>""),ROUND(2*($R57*(COUNT($X$3:$AI$3)+1)-$W57)*AI$3,0)/2,"") | AJ57: =IF(COUNT(W57:AI57)>0,ROUND(2*AVERAGE(W57:AE57),0)/2,"") | AL57: =IF(R57<10,MAX(0,2*R57-10),MAX(10,2*R57-20)) -> 0 | AM57: =2*R57-AL57 -> 0 | AN57: =IF(W57<>"",MIN($AM57,MAX($AL57,IF($AJ57>0,0.5*ROUNDUP(2*((W57-MIN($W57:$AI57))/(MAX($W57:$AI57)-MIN($W57:$AI57))*($AM57-$AL57+IF(Q57>10,1,0))+$AL57),0),0))),"") | AO57: =IF(X57<>"",MIN($AM57,MAX($AL57,IF($AJ57>0,0.5*ROUNDUP(2*((X57-MIN($W57:$AI57))/(MAX($W57:$AI57)-MIN($W57:$AI57))*($AM57-$AL57+IF(R57>10,1,0))+$AL57),0),0))),"") | AP57: =IF(Y57<>"",MIN($AM57,MAX($AL57,IF($AJ57>0,0.5*ROUNDUP(2*((Y57-MIN($W57:$AI57))/(MAX($W57:$AI57)-MIN($W57:$AI57))*($AM57-$AL57+IF(S57>10,1,0))+$AL57),0),0))),"") | AQ57: =IF(Z57<>"",MIN($AM57,MAX($AL57,IF($AJ57>0,0.5*ROUNDUP(2*((Z57-MIN($W57:$AI57))/(MAX($W57:$AI57)-MIN($W57:$AI57))*($AM57-$AL57+IF(T57>10,1,0))+$AL57),0),0))),"") | AR57: =IF(AA57<>"",MIN($AM57,MAX($AL57,IF($AJ57>0,0.5*ROUNDUP(2*((AA57-MIN($W57:$AI57))/(MAX($W57:$AI57)-MIN($W57:$AI57))*($AM57-$AL57+IF(U57>10,1,0))+$AL57),0),0))),"") | AS57: =IF(AB57<>"",MIN($AM57,MAX($AL57,IF($AJ57>0,0.5*ROUNDUP(2*((AB57-MIN($W57:$AI57))/(MAX($W57:$AI57)-MIN($W57:$AI57))*($AM57-$AL57+IF(V57>10,1,0))+$AL57),0),0))),"") | AT57: =IF(AC57<>"",MIN($AM57,MAX($AL57,IF($AJ57>0,0.5*ROUNDUP(2*((AC57-MIN($W57:$AI57))/(MAX($W57:$AI57)-MIN($W57:$AI57))*($AM57-$AL57+IF(W57>10,1,0))+$AL57),0),0))),"") | AU57: =IF(AD57<>"",MIN($AM57,MAX($AL57,IF($AJ57>0,0.5*ROUNDUP(2*((AD57-MIN($W57:$AI57))/(MAX($W57:$AI57)-MIN($W57:$AI57))*($AM57-$AL57+IF(X57>10,1,0))+$AL57),0),0))),"") | ... AZ57: =IF(AI57<>"",MIN($AM57,MAX($AL57,IF($AJ57>0,0.5*ROUNDUP(2*((AI57-MIN($W57:$AI57))/(MAX($W57:$AI57)-MIN($W57:$AI57))*($AM57-$AL57+IF(AC57>10,1,0))+$AL57),0),0))),"") | BA57: =IF(ISNUMBER(AJ57),ROUND(2*AVERAGE(AN57:AZ57),0)/2,"")
R58: =ROUNDDOWN(2*(SUMPRODUCT(C$4:P$4,C58:P58)/SUM(C$4:P$4)*20+Q58),0)/2 -> 0 | W58: =IF(COUNT(D58:Q58)>0,ROUND(2*SUM(N58:Q58)/7*20,0)/2,"") | X58: =IF(AND(X$3<>"",$W58<>""),ROUND(2*($R58*(COUNT($X$3:$AI$3)+1)-$W58)*X$3,0)/2,"") | Y58: =IF(AND(Y$3<>"",$W58<>""),ROUND(2*($R58*(COUNT($X$3:$AI$3)+1)-$W58)*Y$3,0)/2,"") | Z58: =IF(AND(Z$3<>"",$W58<>""),ROUND(2*($R58*(COUNT($X$3:$AI$3)+1)-$W58)*Z$3,0)/2,"") | AA58: =IF(AND(AA$3<>"",$W58<>""),ROUND(2*($R58*(COUNT($X$3:$AI$3)+1)-$W58)*AA$3,0)/2,"") | AB58: =IF(AND(AB$3<>"",$W58<>""),ROUND(2*($R58*(COUNT($X$3:$AI$3)+1)-$W58)*AB$3,0)/2,"") | AC58: =IF(AND(AC$3<>"",$W58<>""),ROUND(2*($R58*(COUNT($X$3:$AI$3)+1)-$W58)*AC$3,0)/2,"") | AD58: =IF(AND(AD$3<>"",$W58<>""),ROUND(2*($R58*(COUNT($X$3:$AI$3)+1)-$W58)*AD$3,0)/2,"") | AE58: =IF(AND(AE$3<>"",$W58<>""),ROUND(2*($R58*(COUNT($X$3:$AI$3)+1)-$W58)*AE$3,0)/2,"") | ... AI58: =IF(AND(AI$3<>"",$W58<>""),ROUND(2*($R58*(COUNT($X$3:$AI$3)+1)-$W58)*AI$3,0)/2,"") | AJ58: =IF(COUNT(W58:AI58)>0,ROUND(2*AVERAGE(W58:AE58),0)/2,"") | AL58: =IF(R58<10,MAX(0,2*R58-10),MAX(10,2*R58-20)) -> 0 | AM58: =2*R58-AL58 -> 0 | AN58: =IF(W58<>"",MIN($AM58,MAX($AL58,IF($AJ58>0,0.5*ROUNDUP(2*((W58-MIN($W58:$AI58))/(MAX($W58:$AI58)-MIN($W58:$AI58))*($AM58-$AL58+IF(Q58>10,1,0))+$AL58),0),0))),"") | AO58: =IF(X58<>"",MIN($AM58,MAX($AL58,IF($AJ58>0,0.5*ROUNDUP(2*((X58-MIN($W58:$AI58))/(MAX($W58:$AI58)-MIN($W58:$AI58))*($AM58-$AL58+IF(R58>10,1,0))+$AL58),0),0))),"") | AP58: =IF(Y58<>"",MIN($AM58,MAX($AL58,IF($AJ58>0,0.5*ROUNDUP(2*((Y58-MIN($W58:$AI58))/(MAX($W58:$AI58)-MIN($W58:$AI58))*($AM58-$AL58+IF(S58>10,1,0))+$AL58),0),0))),"") | AQ58: =IF(Z58<>"",MIN($AM58,MAX($AL58,IF($AJ58>0,0.5*ROUNDUP(2*((Z58-MIN($W58:$AI58))/(MAX($W58:$AI58)-MIN($W58:$AI58))*($AM58-$AL58+IF(T58>10,1,0))+$AL58),0),0))),"") | AR58: =IF(AA58<>"",MIN($AM58,MAX($AL58,IF($AJ58>0,0.5*ROUNDUP(2*((AA58-MIN($W58:$AI58))/(MAX($W58:$AI58)-MIN($W58:$AI58))*($AM58-$AL58+IF(U58>10,1,0))+$AL58),0),0))),"") | AS58: =IF(AB58<>"",MIN($AM58,MAX($AL58,IF($AJ58>0,0.5*ROUNDUP(2*((AB58-MIN($W58:$AI58))/(MAX($W58:$AI58)-MIN($W58:$AI58))*($AM58-$AL58+IF(V58>10,1,0))+$AL58),0),0))),"") | AT58: =IF(AC58<>"",MIN($AM58,MAX($AL58,IF($AJ58>0,0.5*ROUNDUP(2*((AC58-MIN($W58:$AI58))/(MAX($W58:$AI58)-MIN($W58:$AI58))*($AM58-$AL58+IF(W58>10,1,0))+$AL58),0),0))),"") | AU58: =IF(AD58<>"",MIN($AM58,MAX($AL58,IF($AJ58>0,0.5*ROUNDUP(2*((AD58-MIN($W58:$AI58))/(MAX($W58:$AI58)-MIN($W58:$AI58))*($AM58-$AL58+IF(X58>10,1,0))+$AL58),0),0))),"") | ... AZ58: =IF(AI58<>"",MIN($AM58,MAX($AL58,IF($AJ58>0,0.5*ROUNDUP(2*((AI58-MIN($W58:$AI58))/(MAX($W58:$AI58)-MIN($W58:$AI58))*($AM58-$AL58+IF(AC58>10,1,0))+$AL58),0),0))),"") | BA58: =IF(ISNUMBER(AJ58),ROUND(2*AVERAGE(AN58:AZ58),0)/2,"")
A59: 10 | R59: =ROUNDDOWN(2*(SUMPRODUCT(C$4:P$4,C59:P59)/SUM(C$4:P$4)*20+Q59),0)/2 -> 0 | W59: =IF(COUNT(D59:Q59)>0,ROUND(2*SUM(N59:Q59)/7*20,0)/2,"") | X59: =IF(AND(X$3<>"",$W59<>""),ROUND(2*($R59*(COUNT($X$3:$AI$3)+1)-$W59)*X$3,0)/2,"") | Y59: =IF(AND(Y$3<>"",$W59<>""),ROUND(2*($R59*(COUNT($X$3:$AI$3)+1)-$W59)*Y$3,0)/2,"") | Z59: =IF(AND(Z$3<>"",$W59<>""),ROUND(2*($R59*(COUNT($X$3:$AI$3)+1)-$W59)*Z$3,0)/2,"") | AA59: =IF(AND(AA$3<>"",$W59<>""),ROUND(2*($R59*(COUNT($X$3:$AI$3)+1)-$W59)*AA$3,0)/2,"") | AB59: =IF(AND(AB$3<>"",$W59<>""),ROUND(2*($R59*(COUNT($X$3:$AI$3)+1)-$W59)*AB$3,0)/2,"") | AC59: =IF(AND(AC$3<>"",$W59<>""),ROUND(2*($R59*(COUNT($X$3:$AI$3)+1)-$W59)*AC$3,0)/2,"") | AD59: =IF(AND(AD$3<>"",$W59<>""),ROUND(2*($R59*(COUNT($X$3:$AI$3)+1)-$W59)*AD$3,0)/2,"") | AE59: =IF(AND(AE$3<>"",$W59<>""),ROUND(2*($R59*(COUNT($X$3:$AI$3)+1)-$W59)*AE$3,0)/2,"") | ... AI59: =IF(AND(AI$3<>"",$W59<>""),ROUND(2*($R59*(COUNT($X$3:$AI$3)+1)-$W59)*AI$3,0)/2,"") | AJ59: =IF(COUNT(W59:AI59)>0,ROUND(2*AVERAGE(W59:AE59),0)/2,"") | AL59: =IF(R59<10,MAX(0,2*R59-10),MAX(10,2*R59-20)) -> 0 | AM59: =2*R59-AL59 -> 0 | AN59: =IF(W59<>"",MIN($AM59,MAX($AL59,IF($AJ59>0,0.5*ROUNDUP(2*((W59-MIN($W59:$AI59))/(MAX($W59:$AI59)-MIN($W59:$AI59))*($AM59-$AL59+IF(Q59>10,1,0))+$AL59),0),0))),"") | AO59: =IF(X59<>"",MIN($AM59,MAX($AL59,IF($AJ59>0,0.5*ROUNDUP(2*((X59-MIN($W59:$AI59))/(MAX($W59:$AI59)-MIN($W59:$AI59))*($AM59-$AL59+IF(R59>10,1,0))+$AL59),0),0))),"") | AP59: =IF(Y59<>"",MIN($AM59,MAX($AL59,IF($AJ59>0,0.5*ROUNDUP(2*((Y59-MIN($W59:$AI59))/(MAX($W59:$AI59)-MIN($W59:$AI59))*($AM59-$AL59+IF(S59>10,1,0))+$AL59),0),0))),"") | AQ59: =IF(Z59<>"",MIN($AM59,MAX($AL59,IF($AJ59>0,0.5*ROUNDUP(2*((Z59-MIN($W59:$AI59))/(MAX($W59:$AI59)-MIN($W59:$AI59))*($AM59-$AL59+IF(T59>10,1,0))+$AL59),0),0))),"") | AR59: =IF(AA59<>"",MIN($AM59,MAX($AL59,IF($AJ59>0,0.5*ROUNDUP(2*((AA59-MIN($W59:$AI59))/(MAX($W59:$AI59)-MIN($W59:$AI59))*($AM59-$AL59+IF(U59>10,1,0))+$AL59),0),0))),"") | AS59: =IF(AB59<>"",MIN($AM59,MAX($AL59,IF($AJ59>0,0.5*ROUNDUP(2*((AB59-MIN($W59:$AI59))/(MAX($W59:$AI59)-MIN($W59:$AI59))*($AM59-$AL59+IF(V59>10,1,0))+$AL59),0),0))),"") | AT59: =IF(AC59<>"",MIN($AM59,MAX($AL59,IF($AJ59>0,0.5*ROUNDUP(2*((AC59-MIN($W59:$AI59))/(MAX($W59:$AI59)-MIN($W59:$AI59))*($AM59-$AL59+IF(W59>10,1,0))+$AL59),0),0))),"") | AU59: =IF(AD59<>"",MIN($AM59,MAX($AL59,IF($AJ59>0,0.5*ROUNDUP(2*((AD59-MIN($W59:$AI59))/(MAX($W59:$AI59)-MIN($W59:$AI59))*($AM59-$AL59+IF(X59>10,1,0))+$AL59),0),0))),"") | ... AZ59: =IF(AI59<>"",MIN($AM59,MAX($AL59,IF($AJ59>0,0.5*ROUNDUP(2*((AI59-MIN($W59:$AI59))/(MAX($W59:$AI59)-MIN($W59:$AI59))*($AM59-$AL59+IF(AC59>10,1,0))+$AL59),0),0))),"") | BA59: =IF(ISNUMBER(AJ59),ROUND(2*AVERAGE(AN59:AZ59),0)/2,"")
R60: =ROUNDDOWN(2*(SUMPRODUCT(C$4:P$4,C60:P60)/SUM(C$4:P$4)*20+Q60),0)/2 -> 0 | W60: =IF(COUNT(D60:Q60)>0,ROUND(2*SUM(N60:Q60)/7*20,0)/2,"") | X60: =IF(AND(X$3<>"",$W60<>""),ROUND(2*($R60*(COUNT($X$3:$AI$3)+1)-$W60)*X$3,0)/2,"") | Y60: =IF(AND(Y$3<>"",$W60<>""),ROUND(2*($R60*(COUNT($X$3:$AI$3)+1)-$W60)*Y$3,0)/2,"") | Z60: =IF(AND(Z$3<>"",$W60<>""),ROUND(2*($R60*(COUNT($X$3:$AI$3)+1)-$W60)*Z$3,0)/2,"") | AA60: =IF(AND(AA$3<>"",$W60<>""),ROUND(2*($R60*(COUNT($X$3:$AI$3)+1)-$W60)*AA$3,0)/2,"") | AB60: =IF(AND(AB$3<>"",$W60<>""),ROUND(2*($R60*(COUNT($X$3:$AI$3)+1)-$W60)*AB$3,0)/2,"") | AC60: =IF(AND(AC$3<>"",$W60<>""),ROUND(2*($R60*(COUNT($X$3:$AI$3)+1)-$W60)*AC$3,0)/2,"") | AD60: =IF(AND(AD$3<>"",$W60<>""),ROUND(2*($R60*(COUNT($X$3:$AI$3)+1)-$W60)*AD$3,0)/2,"") | AE60: =IF(AND(AE$3<>"",$W60<>""),ROUND(2*($R60*(COUNT($X$3:$AI$3)+1)-$W60)*AE$3,0)/2,"") | ... AI60: =IF(AND(AI$3<>"",$W60<>""),ROUND(2*($R60*(COUNT($X$3:$AI$3)+1)-$W60)*AI$3,0)/2,"") | AJ60: =IF(COUNT(W60:AI60)>0,ROUND(2*AVERAGE(W60:AE60),0)/2,"") | AL60: =IF(R60<10,MAX(0,2*R60-10),MAX(10,2*R60-20)) -> 0 | AM60: =2*R60-AL60 -> 0 | AN60: =IF(W60<>"",MIN($AM60,MAX($AL60,IF($AJ60>0,0.5*ROUNDUP(2*((W60-MIN($W60:$AI60))/(MAX($W60:$AI60)-MIN($W60:$AI60))*($AM60-$AL60+IF(Q60>10,1,0))+$AL60),0),0))),"") | AO60: =IF(X60<>"",MIN($AM60,MAX($AL60,IF($AJ60>0,0.5*ROUNDUP(2*((X60-MIN($W60:$AI60))/(MAX($W60:$AI60)-MIN($W60:$AI60))*($AM60-$AL60+IF(R60>10,1,0))+$AL60),0),0))),"") | AP60: =IF(Y60<>"",MIN($AM60,MAX($AL60,IF($AJ60>0,0.5*ROUNDUP(2*((Y60-MIN($W60:$AI60))/(MAX($W60:$AI60)-MIN($W60:$AI60))*($AM60-$AL60+IF(S60>10,1,0))+$AL60),0),0))),"") | AQ60: =IF(Z60<>"",MIN($AM60,MAX($AL60,IF($AJ60>0,0.5*ROUNDUP(2*((Z60-MIN($W60:$AI60))/(MAX($W60:$AI60)-MIN($W60:$AI60))*($AM60-$AL60+IF(T60>10,1,0))+$AL60),0),0))),"") | AR60: =IF(AA60<>"",MIN($AM60,MAX($AL60,IF($AJ60>0,0.5*ROUNDUP(2*((AA60-MIN($W60:$AI60))/(MAX($W60:$AI60)-MIN($W60:$AI60))*($AM60-$AL60+IF(U60>10,1,0))+$AL60),0),0))),"") | AS60: =IF(AB60<>"",MIN($AM60,MAX($AL60,IF($AJ60>0,0.5*ROUNDUP(2*((AB60-MIN($W60:$AI60))/(MAX($W60:$AI60)-MIN($W60:$AI60))*($AM60-$AL60+IF(V60>10,1,0))+$AL60),0),0))),"") | AT60: =IF(AC60<>"",MIN($AM60,MAX($AL60,IF($AJ60>0,0.5*ROUNDUP(2*((AC60-MIN($W60:$AI60))/(MAX($W60:$AI60)-MIN($W60:$AI60))*($AM60-$AL60+IF(W60>10,1,0))+$AL60),0),0))),"") | AU60: =IF(AD60<>"",MIN($AM60,MAX($AL60,IF($AJ60>0,0.5*ROUNDUP(2*((AD60-MIN($W60:$AI60))/(MAX($W60:$AI60)-MIN($W60:$AI60))*($AM60-$AL60+IF(X60>10,1,0))+$AL60),0),0))),"") | ... AZ60: =IF(AI60<>"",MIN($AM60,MAX($AL60,IF($AJ60>0,0.5*ROUNDUP(2*((AI60-MIN($W60:$AI60))/(MAX($W60:$AI60)-MIN($W60:$AI60))*($AM60-$AL60+IF(AC60>10,1,0))+$AL60),0),0))),"") | BA60: =IF(ISNUMBER(AJ60),ROUND(2*AVERAGE(AN60:AZ60),0)/2,"")
R61: =ROUNDDOWN(2*(SUMPRODUCT(C$4:P$4,C61:P61)/SUM(C$4:P$4)*20+Q61),0)/2 -> 0 | W61: =IF(COUNT(D61:Q61)>0,ROUND(2*SUM(N61:Q61)/7*20,0)/2,"") | X61: =IF(AND(X$3<>"",$W61<>""),ROUND(2*($R61*(COUNT($X$3:$AI$3)+1)-$W61)*X$3,0)/2,"") | Y61: =IF(AND(Y$3<>"",$W61<>""),ROUND(2*($R61*(COUNT($X$3:$AI$3)+1)-$W61)*Y$3,0)/2,"") | Z61: =IF(AND(Z$3<>"",$W61<>""),ROUND(2*($R61*(COUNT($X$3:$AI$3)+1)-$W61)*Z$3,0)/2,"") | AA61: =IF(AND(AA$3<>"",$W61<>""),ROUND(2*($R61*(COUNT($X$3:$AI$3)+1)-$W61)*AA$3,0)/2,"") | AB61: =IF(AND(AB$3<>"",$W61<>""),ROUND(2*($R61*(COUNT($X$3:$AI$3)+1)-$W61)*AB$3,0)/2,"") | AC61: =IF(AND(AC$3<>"",$W61<>""),ROUND(2*($R61*(COUNT($X$3:$AI$3)+1)-$W61)*AC$3,0)/2,"") | AD61: =IF(AND(AD$3<>"",$W61<>""),ROUND(2*($R61*(COUNT($X$3:$AI$3)+1)-$W61)*AD$3,0)/2,"") | AE61: =IF(AND(AE$3<>"",$W61<>""),ROUND(2*($R61*(COUNT($X$3:$AI$3)+1)-$W61)*AE$3,0)/2,"") | ... AI61: =IF(AND(AI$3<>"",$W61<>""),ROUND(2*($R61*(COUNT($X$3:$AI$3)+1)-$W61)*AI$3,0)/2,"") | AJ61: =IF(COUNT(W61:AI61)>0,ROUND(2*AVERAGE(W61:AE61),0)/2,"") | AL61: =IF(R61<10,MAX(0,2*R61-10),MAX(10,2*R61-20)) -> 0 | AM61: =2*R61-AL61 -> 0 | AN61: =IF(W61<>"",MIN($AM61,MAX($AL61,IF($AJ61>0,0.5*ROUNDUP(2*((W61-MIN($W61:$AI61))/(MAX($W61:$AI61)-MIN($W61:$AI61))*($AM61-$AL61+IF(Q61>10,1,0))+$AL61),0),0))),"") | AO61: =IF(X61<>"",MIN($AM61,MAX($AL61,IF($AJ61>0,0.5*ROUNDUP(2*((X61-MIN($W61:$AI61))/(MAX($W61:$AI61)-MIN($W61:$AI61))*($AM61-$AL61+IF(R61>10,1,0))+$AL61),0),0))),"") | AP61: =IF(Y61<>"",MIN($AM61,MAX($AL61,IF($AJ61>0,0.5*ROUNDUP(2*((Y61-MIN($W61:$AI61))/(MAX($W61:$AI61)-MIN($W61:$AI61))*($AM61-$AL61+IF(S61>10,1,0))+$AL61),0),0))),"") | AQ61: =IF(Z61<>"",MIN($AM61,MAX($AL61,IF($AJ61>0,0.5*ROUNDUP(2*((Z61-MIN($W61:$AI61))/(MAX($W61:$AI61)-MIN($W61:$AI61))*($AM61-$AL61+IF(T61>10,1,0))+$AL61),0),0))),"") | AR61: =IF(AA61<>"",MIN($AM61,MAX($AL61,IF($AJ61>0,0.5*ROUNDUP(2*((AA61-MIN($W61:$AI61))/(MAX($W61:$AI61)-MIN($W61:$AI61))*($AM61-$AL61+IF(U61>10,1,0))+$AL61),0),0))),"") | AS61: =IF(AB61<>"",MIN($AM61,MAX($AL61,IF($AJ61>0,0.5*ROUNDUP(2*((AB61-MIN($W61:$AI61))/(MAX($W61:$AI61)-MIN($W61:$AI61))*($AM61-$AL61+IF(V61>10,1,0))+$AL61),0),0))),"") | AT61: =IF(AC61<>"",MIN($AM61,MAX($AL61,IF($AJ61>0,0.5*ROUNDUP(2*((AC61-MIN($W61:$AI61))/(MAX($W61:$AI61)-MIN($W61:$AI61))*($AM61-$AL61+IF(W61>10,1,0))+$AL61),0),0))),"") | AU61: =IF(AD61<>"",MIN($AM61,MAX($AL61,IF($AJ61>0,0.5*ROUNDUP(2*((AD61-MIN($W61:$AI61))/(MAX($W61:$AI61)-MIN($W61:$AI61))*($AM61-$AL61+IF(X61>10,1,0))+$AL61),0),0))),"") | ... AZ61: =IF(AI61<>"",MIN($AM61,MAX($AL61,IF($AJ61>0,0.5*ROUNDUP(2*((AI61-MIN($W61:$AI61))/(MAX($W61:$AI61)-MIN($W61:$AI61))*($AM61-$AL61+IF(AC61>10,1,0))+$AL61),0),0))),"") | BA61: =IF(ISNUMBER(AJ61),ROUND(2*AVERAGE(AN61:AZ61),0)/2,"")
R62: =ROUNDDOWN(2*(SUMPRODUCT(C$4:P$4,C62:P62)/SUM(C$4:P$4)*20+Q62),0)/2 -> 0 | W62: =IF(COUNT(D62:Q62)>0,ROUND(2*SUM(N62:Q62)/7*20,0)/2,"") | X62: =IF(AND(X$3<>"",$W62<>""),ROUND(2*($R62*(COUNT($X$3:$AI$3)+1)-$W62)*X$3,0)/2,"") | Y62: =IF(AND(Y$3<>"",$W62<>""),ROUND(2*($R62*(COUNT($X$3:$AI$3)+1)-$W62)*Y$3,0)/2,"") | Z62: =IF(AND(Z$3<>"",$W62<>""),ROUND(2*($R62*(COUNT($X$3:$AI$3)+1)-$W62)*Z$3,0)/2,"") | AA62: =IF(AND(AA$3<>"",$W62<>""),ROUND(2*($R62*(COUNT($X$3:$AI$3)+1)-$W62)*AA$3,0)/2,"") | AB62: =IF(AND(AB$3<>"",$W62<>""),ROUND(2*($R62*(COUNT($X$3:$AI$3)+1)-$W62)*AB$3,0)/2,"") | AC62: =IF(AND(AC$3<>"",$W62<>""),ROUND(2*($R62*(COUNT($X$3:$AI$3)+1)-$W62)*AC$3,0)/2,"") | AD62: =IF(AND(AD$3<>"",$W62<>""),ROUND(2*($R62*(COUNT($X$3:$AI$3)+1)-$W62)*AD$3,0)/2,"") | AE62: =IF(AND(AE$3<>"",$W62<>""),ROUND(2*($R62*(COUNT($X$3:$AI$3)+1)-$W62)*AE$3,0)/2,"") | ... AI62: =IF(AND(AI$3<>"",$W62<>""),ROUND(2*($R62*(COUNT($X$3:$AI$3)+1)-$W62)*AI$3,0)/2,"") | AJ62: =IF(COUNT(W62:AI62)>0,ROUND(2*AVERAGE(W62:AE62),0)/2,"") | AL62: =IF(R62<10,MAX(0,2*R62-10),MAX(10,2*R62-20)) -> 0 | AM62: =2*R62-AL62 -> 0 | AN62: =IF(W62<>"",MIN($AM62,MAX($AL62,IF($AJ62>0,0.5*ROUNDUP(2*((W62-MIN($W62:$AI62))/(MAX($W62:$AI62)-MIN($W62:$AI62))*($AM62-$AL62+IF(Q62>10,1,0))+$AL62),0),0))),"") | AO62: =IF(X62<>"",MIN($AM62,MAX($AL62,IF($AJ62>0,0.5*ROUNDUP(2*((X62-MIN($W62:$AI62))/(MAX($W62:$AI62)-MIN($W62:$AI62))*($AM62-$AL62+IF(R62>10,1,0))+$AL62),0),0))),"") | AP62: =IF(Y62<>"",MIN($AM62,MAX($AL62,IF($AJ62>0,0.5*ROUNDUP(2*((Y62-MIN($W62:$AI62))/(MAX($W62:$AI62)-MIN($W62:$AI62))*($AM62-$AL62+IF(S62>10,1,0))+$AL62),0),0))),"") | AQ62: =IF(Z62<>"",MIN($AM62,MAX($AL62,IF($AJ62>0,0.5*ROUNDUP(2*((Z62-MIN($W62:$AI62))/(MAX($W62:$AI62)-MIN($W62:$AI62))*($AM62-$AL62+IF(T62>10,1,0))+$AL62),0),0))),"") | AR62: =IF(AA62<>"",MIN($AM62,MAX($AL62,IF($AJ62>0,0.5*ROUNDUP(2*((AA62-MIN($W62:$AI62))/(MAX($W62:$AI62)-MIN($W62:$AI62))*($AM62-$AL62+IF(U62>10,1,0))+$AL62),0),0))),"") | AS62: =IF(AB62<>"",MIN($AM62,MAX($AL62,IF($AJ62>0,0.5*ROUNDUP(2*((AB62-MIN($W62:$AI62))/(MAX($W62:$AI62)-MIN($W62:$AI62))*($AM62-$AL62+IF(V62>10,1,0))+$AL62),0),0))),"") | AT62: =IF(AC62<>"",MIN($AM62,MAX($AL62,IF($AJ62>0,0.5*ROUNDUP(2*((AC62-MIN($W62:$AI62))/(MAX($W62:$AI62)-MIN($W62:$AI62))*($AM62-$AL62+IF(W62>10,1,0))+$AL62),0),0))),"") | AU62: =IF(AD62<>"",MIN($AM62,MAX($AL62,IF($AJ62>0,0.5*ROUNDUP(2*((AD62-MIN($W62:$AI62))/(MAX($W62:$AI62)-MIN($W62:$AI62))*($AM62-$AL62+IF(X62>10,1,0))+$AL62),0),0))),"") | ... AZ62: =IF(AI62<>"",MIN($AM62,MAX($AL62,IF($AJ62>0,0.5*ROUNDUP(2*((AI62-MIN($W62:$AI62))/(MAX($W62:$AI62)-MIN($W62:$AI62))*($AM62-$AL62+IF(AC62>10,1,0))+$AL62),0),0))),"") | BA62: =IF(ISNUMBER(AJ62),ROUND(2*AVERAGE(AN62:AZ62),0)/2,"")
R63: =ROUNDDOWN(2*(SUMPRODUCT(C$4:P$4,C63:P63)/SUM(C$4:P$4)*20+Q63),0)/2 -> 0 | W63: =IF(COUNT(D63:Q63)>0,ROUND(2*SUM(N63:Q63)/7*20,0)/2,"") | X63: =IF(AND(X$3<>"",$W63<>""),ROUND(2*($R63*(COUNT($X$3:$AI$3)+1)-$W63)*X$3,0)/2,"") | Y63: =IF(AND(Y$3<>"",$W63<>""),ROUND(2*($R63*(COUNT($X$3:$AI$3)+1)-$W63)*Y$3,0)/2,"") | Z63: =IF(AND(Z$3<>"",$W63<>""),ROUND(2*($R63*(COUNT($X$3:$AI$3)+1)-$W63)*Z$3,0)/2,"") | AA63: =IF(AND(AA$3<>"",$W63<>""),ROUND(2*($R63*(COUNT($X$3:$AI$3)+1)-$W63)*AA$3,0)/2,"") | AB63: =IF(AND(AB$3<>"",$W63<>""),ROUND(2*($R63*(COUNT($X$3:$AI$3)+1)-$W63)*AB$3,0)/2,"") | AC63: =IF(AND(AC$3<>"",$W63<>""),ROUND(2*($R63*(COUNT($X$3:$AI$3)+1)-$W63)*AC$3,0)/2,"") | AD63: =IF(AND(AD$3<>"",$W63<>""),ROUND(2*($R63*(COUNT($X$3:$AI$3)+1)-$W63)*AD$3,0)/2,"") | AE63: =IF(AND(AE$3<>"",$W63<>""),ROUND(2*($R63*(COUNT($X$3:$AI$3)+1)-$W63)*AE$3,0)/2,"") | ... AI63: =IF(AND(AI$3<>"",$W63<>""),ROUND(2*($R63*(COUNT($X$3:$AI$3)+1)-$W63)*AI$3,0)/2,"") | AJ63: =IF(COUNT(W63:AI63)>0,ROUND(2*AVERAGE(W63:AE63),0)/2,"") | AL63: =IF(R63<10,MAX(0,2*R63-10),MAX(10,2*R63-20)) -> 0 | AM63: =2*R63-AL63 -> 0 | AN63: =IF(W63<>"",MIN($AM63,MAX($AL63,IF($AJ63>0,0.5*ROUNDUP(2*((W63-MIN($W63:$AI63))/(MAX($W63:$AI63)-MIN($W63:$AI63))*($AM63-$AL63+IF(Q63>10,1,0))+$AL63),0),0))),"") | AO63: =IF(X63<>"",MIN($AM63,MAX($AL63,IF($AJ63>0,0.5*ROUNDUP(2*((X63-MIN($W63:$AI63))/(MAX($W63:$AI63)-MIN($W63:$AI63))*($AM63-$AL63+IF(R63>10,1,0))+$AL63),0),0))),"") | AP63: =IF(Y63<>"",MIN($AM63,MAX($AL63,IF($AJ63>0,0.5*ROUNDUP(2*((Y63-MIN($W63:$AI63))/(MAX($W63:$AI63)-MIN($W63:$AI63))*($AM63-$AL63+IF(S63>10,1,0))+$AL63),0),0))),"") | AQ63: =IF(Z63<>"",MIN($AM63,MAX($AL63,IF($AJ63>0,0.5*ROUNDUP(2*((Z63-MIN($W63:$AI63))/(MAX($W63:$AI63)-MIN($W63:$AI63))*($AM63-$AL63+IF(T63>10,1,0))+$AL63),0),0))),"") | AR63: =IF(AA63<>"",MIN($AM63,MAX($AL63,IF($AJ63>0,0.5*ROUNDUP(2*((AA63-MIN($W63:$AI63))/(MAX($W63:$AI63)-MIN($W63:$AI63))*($AM63-$AL63+IF(U63>10,1,0))+$AL63),0),0))),"") | AS63: =IF(AB63<>"",MIN($AM63,MAX($AL63,IF($AJ63>0,0.5*ROUNDUP(2*((AB63-MIN($W63:$AI63))/(MAX($W63:$AI63)-MIN($W63:$AI63))*($AM63-$AL63+IF(V63>10,1,0))+$AL63),0),0))),"") | AT63: =IF(AC63<>"",MIN($AM63,MAX($AL63,IF($AJ63>0,0.5*ROUNDUP(2*((AC63-MIN($W63:$AI63))/(MAX($W63:$AI63)-MIN($W63:$AI63))*($AM63-$AL63+IF(W63>10,1,0))+$AL63),0),0))),"") | AU63: =IF(AD63<>"",MIN($AM63,MAX($AL63,IF($AJ63>0,0.5*ROUNDUP(2*((AD63-MIN($W63:$AI63))/(MAX($W63:$AI63)-MIN($W63:$AI63))*($AM63-$AL63+IF(X63>10,1,0))+$AL63),0),0))),"") | ... AZ63: =IF(AI63<>"",MIN($AM63,MAX($AL63,IF($AJ63>0,0.5*ROUNDUP(2*((AI63-MIN($W63:$AI63))/(MAX($W63:$AI63)-MIN($W63:$AI63))*($AM63-$AL63+IF(AC63>10,1,0))+$AL63),0),0))),"") | BA63: =IF(ISNUMBER(AJ63),ROUND(2*AVERAGE(AN63:AZ63),0)/2,"")
R64: =ROUNDDOWN(2*(SUMPRODUCT(C$4:P$4,C64:P64)/SUM(C$4:P$4)*20+Q64),0)/2 -> 0 | W64: =IF(COUNT(D64:Q64)>0,ROUND(2*SUM(N64:Q64)/7*20,0)/2,"") | X64: =IF(AND(X$3<>"",$W64<>""),ROUND(2*($R64*(COUNT($X$3:$AI$3)+1)-$W64)*X$3,0)/2,"") | Y64: =IF(AND(Y$3<>"",$W64<>""),ROUND(2*($R64*(COUNT($X$3:$AI$3)+1)-$W64)*Y$3,0)/2,"") | Z64: =IF(AND(Z$3<>"",$W64<>""),ROUND(2*($R64*(COUNT($X$3:$AI$3)+1)-$W64)*Z$3,0)/2,"") | AA64: =IF(AND(AA$3<>"",$W64<>""),ROUND(2*($R64*(COUNT($X$3:$AI$3)+1)-$W64)*AA$3,0)/2,"") | AB64: =IF(AND(AB$3<>"",$W64<>""),ROUND(2*($R64*(COUNT($X$3:$AI$3)+1)-$W64)*AB$3,0)/2,"") | AC64: =IF(AND(AC$3<>"",$W64<>""),ROUND(2*($R64*(COUNT($X$3:$AI$3)+1)-$W64)*AC$3,0)/2,"") | AD64: =IF(AND(AD$3<>"",$W64<>""),ROUND(2*($R64*(COUNT($X$3:$AI$3)+1)-$W64)*AD$3,0)/2,"") | AE64: =IF(AND(AE$3<>"",$W64<>""),ROUND(2*($R64*(COUNT($X$3:$AI$3)+1)-$W64)*AE$3,0)/2,"") | ... AI64: =IF(AND(AI$3<>"",$W64<>""),ROUND(2*($R64*(COUNT($X$3:$AI$3)+1)-$W64)*AI$3,0)/2,"") | AJ64: =IF(COUNT(W64:AI64)>0,ROUND(2*AVERAGE(W64:AE64),0)/2,"") | AL64: =IF(R64<10,MAX(0,2*R64-10),MAX(10,2*R64-20)) -> 0 | AM64: =2*R64-AL64 -> 0 | AN64: =IF(W64<>"",MIN($AM64,MAX($AL64,IF($AJ64>0,0.5*ROUNDUP(2*((W64-MIN($W64:$AI64))/(MAX($W64:$AI64)-MIN($W64:$AI64))*($AM64-$AL64+IF(Q64>10,1,0))+$AL64),0),0))),"") | AO64: =IF(X64<>"",MIN($AM64,MAX($AL64,IF($AJ64>0,0.5*ROUNDUP(2*((X64-MIN($W64:$AI64))/(MAX($W64:$AI64)-MIN($W64:$AI64))*($AM64-$AL64+IF(R64>10,1,0))+$AL64),0),0))),"") | AP64: =IF(Y64<>"",MIN($AM64,MAX($AL64,IF($AJ64>0,0.5*ROUNDUP(2*((Y64-MIN($W64:$AI64))/(MAX($W64:$AI64)-MIN($W64:$AI64))*($AM64-$AL64+IF(S64>10,1,0))+$AL64),0),0))),"") | AQ64: =IF(Z64<>"",MIN($AM64,MAX($AL64,IF($AJ64>0,0.5*ROUNDUP(2*((Z64-MIN($W64:$AI64))/(MAX($W64:$AI64)-MIN($W64:$AI64))*($AM64-$AL64+IF(T64>10,1,0))+$AL64),0),0))),"") | AR64: =IF(AA64<>"",MIN($AM64,MAX($AL64,IF($AJ64>0,0.5*ROUNDUP(2*((AA64-MIN($W64:$AI64))/(MAX($W64:$AI64)-MIN($W64:$AI64))*($AM64-$AL64+IF(U64>10,1,0))+$AL64),0),0))),"") | AS64: =IF(AB64<>"",MIN($AM64,MAX($AL64,IF($AJ64>0,0.5*ROUNDUP(2*((AB64-MIN($W64:$AI64))/(MAX($W64:$AI64)-MIN($W64:$AI64))*($AM64-$AL64+IF(V64>10,1,0))+$AL64),0),0))),"") | AT64: =IF(AC64<>"",MIN($AM64,MAX($AL64,IF($AJ64>0,0.5*ROUNDUP(2*((AC64-MIN($W64:$AI64))/(MAX($W64:$AI64)-MIN($W64:$AI64))*($AM64-$AL64+IF(W64>10,1,0))+$AL64),0),0))),"") | AU64: =IF(AD64<>"",MIN($AM64,MAX($AL64,IF($AJ64>0,0.5*ROUNDUP(2*((AD64-MIN($W64:$AI64))/(MAX($W64:$AI64)-MIN($W64:$AI64))*($AM64-$AL64+IF(X64>10,1,0))+$AL64),0),0))),"") | ... AZ64: =IF(AI64<>"",MIN($AM64,MAX($AL64,IF($AJ64>0,0.5*ROUNDUP(2*((AI64-MIN($W64:$AI64))/(MAX($W64:$AI64)-MIN($W64:$AI64))*($AM64-$AL64+IF(AC64>10,1,0))+$AL64),0),0))),"") | BA64: =IF(ISNUMBER(AJ64),ROUND(2*AVERAGE(AN64:AZ64),0)/2,"")
A65: 11 | R65: =ROUNDDOWN(2*(SUMPRODUCT(C$4:P$4,C65:P65)/SUM(C$4:P$4)*20+Q65),0)/2 -> 0 | W65: =IF(COUNT(D65:Q65)>0,ROUND(2*SUM(N65:Q65)/7*20,0)/2,"") | X65: =IF(AND(X$3<>"",$W65<>""),ROUND(2*($R65*(COUNT($X$3:$AI$3)+1)-$W65)*X$3,0)/2,"") | Y65: =IF(AND(Y$3<>"",$W65<>""),ROUND(2*($R65*(COUNT($X$3:$AI$3)+1)-$W65)*Y$3,0)/2,"") | Z65: =IF(AND(Z$3<>"",$W65<>""),ROUND(2*($R65*(COUNT($X$3:$AI$3)+1)-$W65)*Z$3,0)/2,"") | AA65: =IF(AND(AA$3<>"",$W65<>""),ROUND(2*($R65*(COUNT($X$3:$AI$3)+1)-$W65)*AA$3,0)/2,"") | AB65: =IF(AND(AB$3<>"",$W65<>""),ROUND(2*($R65*(COUNT($X$3:$AI$3)+1)-$W65)*AB$3,0)/2,"") | AC65: =IF(AND(AC$3<>"",$W65<>""),ROUND(2*($R65*(COUNT($X$3:$AI$3)+1)-$W65)*AC$3,0)/2,"") | AD65: =IF(AND(AD$3<>"",$W65<>""),ROUND(2*($R65*(COUNT($X$3:$AI$3)+1)-$W65)*AD$3,0)/2,"") | AE65: =IF(AND(AE$3<>"",$W65<>""),ROUND(2*($R65*(COUNT($X$3:$AI$3)+1)-$W65)*AE$3,0)/2,"") | ... AI65: =IF(AND(AI$3<>"",$W65<>""),ROUND(2*($R65*(COUNT($X$3:$AI$3)+1)-$W65)*AI$3,0)/2,"") | AJ65: =IF(COUNT(W65:AI65)>0,ROUND(2*AVERAGE(W65:AE65),0)/2,"") | AL65: =IF(R65<10,MAX(0,2*R65-10),MAX(10,2*R65-20)) -> 0 | AM65: =2*R65-AL65 -> 0 | AN65: =IF(W65<>"",MIN($AM65,MAX($AL65,IF($AJ65>0,0.5*ROUNDUP(2*((W65-MIN($W65:$AI65))/(MAX($W65:$AI65)-MIN($W65:$AI65))*($AM65-$AL65+IF(Q65>10,1,0))+$AL65),0),0))),"") | AO65: =IF(X65<>"",MIN($AM65,MAX($AL65,IF($AJ65>0,0.5*ROUNDUP(2*((X65-MIN($W65:$AI65))/(MAX($W65:$AI65)-MIN($W65:$AI65))*($AM65-$AL65+IF(R65>10,1,0))+$AL65),0),0))),"") | AP65: =IF(Y65<>"",MIN($AM65,MAX($AL65,IF($AJ65>0,0.5*ROUNDUP(2*((Y65-MIN($W65:$AI65))/(MAX($W65:$AI65)-MIN($W65:$AI65))*($AM65-$AL65+IF(S65>10,1,0))+$AL65),0),0))),"") | AQ65: =IF(Z65<>"",MIN($AM65,MAX($AL65,IF($AJ65>0,0.5*ROUNDUP(2*((Z65-MIN($W65:$AI65))/(MAX($W65:$AI65)-MIN($W65:$AI65))*($AM65-$AL65+IF(T65>10,1,0))+$AL65),0),0))),"") | AR65: =IF(AA65<>"",MIN($AM65,MAX($AL65,IF($AJ65>0,0.5*ROUNDUP(2*((AA65-MIN($W65:$AI65))/(MAX($W65:$AI65)-MIN($W65:$AI65))*($AM65-$AL65+IF(U65>10,1,0))+$AL65),0),0))),"") | AS65: =IF(AB65<>"",MIN($AM65,MAX($AL65,IF($AJ65>0,0.5*ROUNDUP(2*((AB65-MIN($W65:$AI65))/(MAX($W65:$AI65)-MIN($W65:$AI65))*($AM65-$AL65+IF(V65>10,1,0))+$AL65),0),0))),"") | AT65: =IF(AC65<>"",MIN($AM65,MAX($AL65,IF($AJ65>0,0.5*ROUNDUP(2*((AC65-MIN($W65:$AI65))/(MAX($W65:$AI65)-MIN($W65:$AI65))*($AM65-$AL65+IF(W65>10,1,0))+$AL65),0),0))),"") | AU65: =IF(AD65<>"",MIN($AM65,MAX($AL65,IF($AJ65>0,0.5*ROUNDUP(2*((AD65-MIN($W65:$AI65))/(MAX($W65:$AI65)-MIN($W65:$AI65))*($AM65-$AL65+IF(X65>10,1,0))+$AL65),0),0))),"") | ... AZ65: =IF(AI65<>"",MIN($AM65,MAX($AL65,IF($AJ65>0,0.5*ROUNDUP(2*((AI65-MIN($W65:$AI65))/(MAX($W65:$AI65)-MIN($W65:$AI65))*($AM65-$AL65+IF(AC65>10,1,0))+$AL65),0),0))),"") | BA65: =IF(ISNUMBER(AJ65),ROUND(2*AVERAGE(AN65:AZ65),0)/2,"")
R66: =ROUNDDOWN(2*(SUMPRODUCT(C$4:P$4,C66:P66)/SUM(C$4:P$4)*20+Q66),0)/2 -> 0 | W66: =IF(COUNT(D66:Q66)>0,ROUND(2*SUM(N66:Q66)/7*20,0)/2,"") | X66: =IF(AND(X$3<>"",$W66<>""),ROUND(2*($R66*(COUNT($X$3:$AI$3)+1)-$W66)*X$3,0)/2,"") | Y66: =IF(AND(Y$3<>"",$W66<>""),ROUND(2*($R66*(COUNT($X$3:$AI$3)+1)-$W66)*Y$3,0)/2,"") | Z66: =IF(AND(Z$3<>"",$W66<>""),ROUND(2*($R66*(COUNT($X$3:$AI$3)+1)-$W66)*Z$3,0)/2,"") | AA66: =IF(AND(AA$3<>"",$W66<>""),ROUND(2*($R66*(COUNT($X$3:$AI$3)+1)-$W66)*AA$3,0)/2,"") | AB66: =IF(AND(AB$3<>"",$W66<>""),ROUND(2*($R66*(COUNT($X$3:$AI$3)+1)-$W66)*AB$3,0)/2,"") | AC66: =IF(AND(AC$3<>"",$W66<>""),ROUND(2*($R66*(COUNT($X$3:$AI$3)+1)-$W66)*AC$3,0)/2,"") | AD66: =IF(AND(AD$3<>"",$W66<>""),ROUND(2*($R66*(COUNT($X$3:$AI$3)+1)-$W66)*AD$3,0)/2,"") | AE66: =IF(AND(AE$3<>"",$W66<>""),ROUND(2*($R66*(COUNT($X$3:$AI$3)+1)-$W66)*AE$3,0)/2,"") | ... AI66: =IF(AND(AI$3<>"",$W66<>""),ROUND(2*($R66*(COUNT($X$3:$AI$3)+1)-$W66)*AI$3,0)/2,"") | AJ66: =IF(COUNT(W66:AI66)>0,ROUND(2*AVERAGE(W66:AE66),0)/2,"") | AL66: =IF(R66<10,MAX(0,2*R66-10),MAX(10,2*R66-20)) -> 0 | AM66: =2*R66-AL66 -> 0 | AN66: =IF(W66<>"",MIN($AM66,MAX($AL66,IF($AJ66>0,0.5*ROUNDUP(2*((W66-MIN($W66:$AI66))/(MAX($W66:$AI66)-MIN($W66:$AI66))*($AM66-$AL66+IF(Q66>10,1,0))+$AL66),0),0))),"") | AO66: =IF(X66<>"",MIN($AM66,MAX($AL66,IF($AJ66>0,0.5*ROUNDUP(2*((X66-MIN($W66:$AI66))/(MAX($W66:$AI66)-MIN($W66:$AI66))*($AM66-$AL66+IF(R66>10,1,0))+$AL66),0),0))),"") | AP66: =IF(Y66<>"",MIN($AM66,MAX($AL66,IF($AJ66>0,0.5*ROUNDUP(2*((Y66-MIN($W66:$AI66))/(MAX($W66:$AI66)-MIN($W66:$AI66))*($AM66-$AL66+IF(S66>10,1,0))+$AL66),0),0))),"") | AQ66: =IF(Z66<>"",MIN($AM66,MAX($AL66,IF($AJ66>0,0.5*ROUNDUP(2*((Z66-MIN($W66:$AI66))/(MAX($W66:$AI66)-MIN($W66:$AI66))*($AM66-$AL66+IF(T66>10,1,0))+$AL66),0),0))),"") | AR66: =IF(AA66<>"",MIN($AM66,MAX($AL66,IF($AJ66>0,0.5*ROUNDUP(2*((AA66-MIN($W66:$AI66))/(MAX($W66:$AI66)-MIN($W66:$AI66))*($AM66-$AL66+IF(U66>10,1,0))+$AL66),0),0))),"") | AS66: =IF(AB66<>"",MIN($AM66,MAX($AL66,IF($AJ66>0,0.5*ROUNDUP(2*((AB66-MIN($W66:$AI66))/(MAX($W66:$AI66)-MIN($W66:$AI66))*($AM66-$AL66+IF(V66>10,1,0))+$AL66),0),0))),"") | AT66: =IF(AC66<>"",MIN($AM66,MAX($AL66,IF($AJ66>0,0.5*ROUNDUP(2*((AC66-MIN($W66:$AI66))/(MAX($W66:$AI66)-MIN($W66:$AI66))*($AM66-$AL66+IF(W66>10,1,0))+$AL66),0),0))),"") | AU66: =IF(AD66<>"",MIN($AM66,MAX($AL66,IF($AJ66>0,0.5*ROUNDUP(2*((AD66-MIN($W66:$AI66))/(MAX($W66:$AI66)-MIN($W66:$AI66))*($AM66-$AL66+IF(X66>10,1,0))+$AL66),0),0))),"") | ... AZ66: =IF(AI66<>"",MIN($AM66,MAX($AL66,IF($AJ66>0,0.5*ROUNDUP(2*((AI66-MIN($W66:$AI66))/(MAX($W66:$AI66)-MIN($W66:$AI66))*($AM66-$AL66+IF(AC66>10,1,0))+$AL66),0),0))),"") | BA66: =IF(ISNUMBER(AJ66),ROUND(2*AVERAGE(AN66:AZ66),0)/2,"")
R67: =ROUNDDOWN(2*(SUMPRODUCT(C$4:P$4,C67:P67)/SUM(C$4:P$4)*20+Q67),0)/2 -> 0 | W67: =IF(COUNT(D67:Q67)>0,ROUND(2*SUM(N67:Q67)/7*20,0)/2,"") | X67: =IF(AND(X$3<>"",$W67<>""),ROUND(2*($R67*(COUNT($X$3:$AI$3)+1)-$W67)*X$3,0)/2,"") | Y67: =IF(AND(Y$3<>"",$W67<>""),ROUND(2*($R67*(COUNT($X$3:$AI$3)+1)-$W67)*Y$3,0)/2,"") | Z67: =IF(AND(Z$3<>"",$W67<>""),ROUND(2*($R67*(COUNT($X$3:$AI$3)+1)-$W67)*Z$3,0)/2,"") | AA67: =IF(AND(AA$3<>"",$W67<>""),ROUND(2*($R67*(COUNT($X$3:$AI$3)+1)-$W67)*AA$3,0)/2,"") | AB67: =IF(AND(AB$3<>"",$W67<>""),ROUND(2*($R67*(COUNT($X$3:$AI$3)+1)-$W67)*AB$3,0)/2,"") | AC67: =IF(AND(AC$3<>"",$W67<>""),ROUND(2*($R67*(COUNT($X$3:$AI$3)+1)-$W67)*AC$3,0)/2,"") | AD67: =IF(AND(AD$3<>"",$W67<>""),ROUND(2*($R67*(COUNT($X$3:$AI$3)+1)-$W67)*AD$3,0)/2,"") | AE67: =IF(AND(AE$3<>"",$W67<>""),ROUND(2*($R67*(COUNT($X$3:$AI$3)+1)-$W67)*AE$3,0)/2,"") | ... AI67: =IF(AND(AI$3<>"",$W67<>""),ROUND(2*($R67*(COUNT($X$3:$AI$3)+1)-$W67)*AI$3,0)/2,"") | AJ67: =IF(COUNT(W67:AI67)>0,ROUND(2*AVERAGE(W67:AE67),0)/2,"") | AL67: =IF(R67<10,MAX(0,2*R67-10),MAX(10,2*R67-20)) -> 0 | AM67: =2*R67-AL67 -> 0 | AN67: =IF(W67<>"",MIN($AM67,MAX($AL67,IF($AJ67>0,0.5*ROUNDUP(2*((W67-MIN($W67:$AI67))/(MAX($W67:$AI67)-MIN($W67:$AI67))*($AM67-$AL67+IF(Q67>10,1,0))+$AL67),0),0))),"") | AO67: =IF(X67<>"",MIN($AM67,MAX($AL67,IF($AJ67>0,0.5*ROUNDUP(2*((X67-MIN($W67:$AI67))/(MAX($W67:$AI67)-MIN($W67:$AI67))*($AM67-$AL67+IF(R67>10,1,0))+$AL67),0),0))),"") | AP67: =IF(Y67<>"",MIN($AM67,MAX($AL67,IF($AJ67>0,0.5*ROUNDUP(2*((Y67-MIN($W67:$AI67))/(MAX($W67:$AI67)-MIN($W67:$AI67))*($AM67-$AL67+IF(S67>10,1,0))+$AL67),0),0))),"") | AQ67: =IF(Z67<>"",MIN($AM67,MAX($AL67,IF($AJ67>0,0.5*ROUNDUP(2*((Z67-MIN($W67:$AI67))/(MAX($W67:$AI67)-MIN($W67:$AI67))*($AM67-$AL67+IF(T67>10,1,0))+$AL67),0),0))),"") | AR67: =IF(AA67<>"",MIN($AM67,MAX($AL67,IF($AJ67>0,0.5*ROUNDUP(2*((AA67-MIN($W67:$AI67))/(MAX($W67:$AI67)-MIN($W67:$AI67))*($AM67-$AL67+IF(U67>10,1,0))+$AL67),0),0))),"") | AS67: =IF(AB67<>"",MIN($AM67,MAX($AL67,IF($AJ67>0,0.5*ROUNDUP(2*((AB67-MIN($W67:$AI67))/(MAX($W67:$AI67)-MIN($W67:$AI67))*($AM67-$AL67+IF(V67>10,1,0))+$AL67),0),0))),"") | AT67: =IF(AC67<>"",MIN($AM67,MAX($AL67,IF($AJ67>0,0.5*ROUNDUP(2*((AC67-MIN($W67:$AI67))/(MAX($W67:$AI67)-MIN($W67:$AI67))*($AM67-$AL67+IF(W67>10,1,0))+$AL67),0),0))),"") | AU67: =IF(AD67<>"",MIN($AM67,MAX($AL67,IF($AJ67>0,0.5*ROUNDUP(2*((AD67-MIN($W67:$AI67))/(MAX($W67:$AI67)-MIN($W67:$AI67))*($AM67-$AL67+IF(X67>10,1,0))+$AL67),0),0))),"") | ... AZ67: =IF(AI67<>"",MIN($AM67,MAX($AL67,IF($AJ67>0,0.5*ROUNDUP(2*((AI67-MIN($W67:$AI67))/(MAX($W67:$AI67)-MIN($W67:$AI67))*($AM67-$AL67+IF(AC67>10,1,0))+$AL67),0),0))),"") | BA67: =IF(ISNUMBER(AJ67),ROUND(2*AVERAGE(AN67:AZ67),0)/2,"")
R68: =ROUNDDOWN(2*(SUMPRODUCT(C$4:P$4,C68:P68)/SUM(C$4:P$4)*20+Q68),0)/2 -> 0 | W68: =IF(COUNT(D68:Q68)>0,ROUND(2*SUM(N68:Q68)/7*20,0)/2,"") | X68: =IF(AND(X$3<>"",$W68<>""),ROUND(2*($R68*(COUNT($X$3:$AI$3)+1)-$W68)*X$3,0)/2,"") | Y68: =IF(AND(Y$3<>"",$W68<>""),ROUND(2*($R68*(COUNT($X$3:$AI$3)+1)-$W68)*Y$3,0)/2,"") | Z68: =IF(AND(Z$3<>"",$W68<>""),ROUND(2*($R68*(COUNT($X$3:$AI$3)+1)-$W68)*Z$3,0)/2,"") | AA68: =IF(AND(AA$3<>"",$W68<>""),ROUND(2*($R68*(COUNT($X$3:$AI$3)+1)-$W68)*AA$3,0)/2,"") | AB68: =IF(AND(AB$3<>"",$W68<>""),ROUND(2*($R68*(COUNT($X$3:$AI$3)+1)-$W68)*AB$3,0)/2,"") | AC68: =IF(AND(AC$3<>"",$W68<>""),ROUND(2*($R68*(COUNT($X$3:$AI$3)+1)-$W68)*AC$3,0)/2,"") | AD68: =IF(AND(AD$3<>"",$W68<>""),ROUND(2*($R68*(COUNT($X$3:$AI$3)+1)-$W68)*AD$3,0)/2,"") | AE68: =IF(AND(AE$3<>"",$W68<>""),ROUND(2*($R68*(COUNT($X$3:$AI$3)+1)-$W68)*AE$3,0)/2,"") | ... AI68: =IF(AND(AI$3<>"",$W68<>""),ROUND(2*($R68*(COUNT($X$3:$AI$3)+1)-$W68)*AI$3,0)/2,"") | AJ68: =IF(COUNT(W68:AI68)>0,ROUND(2*AVERAGE(W68:AE68),0)/2,"") | AL68: =IF(R68<10,MAX(0,2*R68-10),MAX(10,2*R68-20)) -> 0 | AM68: =2*R68-AL68 -> 0 | AN68: =IF(W68<>"",MIN($AM68,MAX($AL68,IF($AJ68>0,0.5*ROUNDUP(2*((W68-MIN($W68:$AI68))/(MAX($W68:$AI68)-MIN($W68:$AI68))*($AM68-$AL68+IF(Q68>10,1,0))+$AL68),0),0))),"") | AO68: =IF(X68<>"",MIN($AM68,MAX($AL68,IF($AJ68>0,0.5*ROUNDUP(2*((X68-MIN($W68:$AI68))/(MAX($W68:$AI68)-MIN($W68:$AI68))*($AM68-$AL68+IF(R68>10,1,0))+$AL68),0),0))),"") | AP68: =IF(Y68<>"",MIN($AM68,MAX($AL68,IF($AJ68>0,0.5*ROUNDUP(2*((Y68-MIN($W68:$AI68))/(MAX($W68:$AI68)-MIN($W68:$AI68))*($AM68-$AL68+IF(S68>10,1,0))+$AL68),0),0))),"") | AQ68: =IF(Z68<>"",MIN($AM68,MAX($AL68,IF($AJ68>0,0.5*ROUNDUP(2*((Z68-MIN($W68:$AI68))/(MAX($W68:$AI68)-MIN($W68:$AI68))*($AM68-$AL68+IF(T68>10,1,0))+$AL68),0),0))),"") | AR68: =IF(AA68<>"",MIN($AM68,MAX($AL68,IF($AJ68>0,0.5*ROUNDUP(2*((AA68-MIN($W68:$AI68))/(MAX($W68:$AI68)-MIN($W68:$AI68))*($AM68-$AL68+IF(U68>10,1,0))+$AL68),0),0))),"") | AS68: =IF(AB68<>"",MIN($AM68,MAX($AL68,IF($AJ68>0,0.5*ROUNDUP(2*((AB68-MIN($W68:$AI68))/(MAX($W68:$AI68)-MIN($W68:$AI68))*($AM68-$AL68+IF(V68>10,1,0))+$AL68),0),0))),"") | AT68: =IF(AC68<>"",MIN($AM68,MAX($AL68,IF($AJ68>0,0.5*ROUNDUP(2*((AC68-MIN($W68:$AI68))/(MAX($W68:$AI68)-MIN($W68:$AI68))*($AM68-$AL68+IF(W68>10,1,0))+$AL68),0),0))),"") | AU68: =IF(AD68<>"",MIN($AM68,MAX($AL68,IF($AJ68>0,0.5*ROUNDUP(2*((AD68-MIN($W68:$AI68))/(MAX($W68:$AI68)-MIN($W68:$AI68))*($AM68-$AL68+IF(X68>10,1,0))+$AL68),0),0))),"") | ... AZ68: =IF(AI68<>"",MIN($AM68,MAX($AL68,IF($AJ68>0,0.5*ROUNDUP(2*((AI68-MIN($W68:$AI68))/(MAX($W68:$AI68)-MIN($W68:$AI68))*($AM68-$AL68+IF(AC68>10,1,0))+$AL68),0),0))),"") | BA68: =IF(ISNUMBER(AJ68),ROUND(2*AVERAGE(AN68:AZ68),0)/2,"")
R69: =ROUNDDOWN(2*(SUMPRODUCT(C$4:P$4,C69:P69)/SUM(C$4:P$4)*20+Q69),0)/2 -> 0 | W69: =IF(COUNT(D69:Q69)>0,ROUND(2*SUM(N69:Q69)/7*20,0)/2,"") | X69: =IF(AND(X$3<>"",$W69<>""),ROUND(2*($R69*(COUNT($X$3:$AI$3)+1)-$W69)*X$3,0)/2,"") | Y69: =IF(AND(Y$3<>"",$W69<>""),ROUND(2*($R69*(COUNT($X$3:$AI$3)+1)-$W69)*Y$3,0)/2,"") | Z69: =IF(AND(Z$3<>"",$W69<>""),ROUND(2*($R69*(COUNT($X$3:$AI$3)+1)-$W69)*Z$3,0)/2,"") | AA69: =IF(AND(AA$3<>"",$W69<>""),ROUND(2*($R69*(COUNT($X$3:$AI$3)+1)-$W69)*AA$3,0)/2,"") | AB69: =IF(AND(AB$3<>"",$W69<>""),ROUND(2*($R69*(COUNT($X$3:$AI$3)+1)-$W69)*AB$3,0)/2,"") | AC69: =IF(AND(AC$3<>"",$W69<>""),ROUND(2*($R69*(COUNT($X$3:$AI$3)+1)-$W69)*AC$3,0)/2,"") | AD69: =IF(AND(AD$3<>"",$W69<>""),ROUND(2*($R69*(COUNT($X$3:$AI$3)+1)-$W69)*AD$3,0)/2,"") | AE69: =IF(AND(AE$3<>"",$W69<>""),ROUND(2*($R69*(COUNT($X$3:$AI$3)+1)-$W69)*AE$3,0)/2,"") | ... AI69: =IF(AND(AI$3<>"",$W69<>""),ROUND(2*($R69*(COUNT($X$3:$AI$3)+1)-$W69)*AI$3,0)/2,"") | AJ69: =IF(COUNT(W69:AI69)>0,ROUND(2*AVERAGE(W69:AE69),0)/2,"") | AL69: =IF(R69<10,MAX(0,2*R69-10),MAX(10,2*R69-20)) -> 0 | AM69: =2*R69-AL69 -> 0 | AN69: =IF(W69<>"",MIN($AM69,MAX($AL69,IF($AJ69>0,0.5*ROUNDUP(2*((W69-MIN($W69:$AI69))/(MAX($W69:$AI69)-MIN($W69:$AI69))*($AM69-$AL69+IF(Q69>10,1,0))+$AL69),0),0))),"") | AO69: =IF(X69<>"",MIN($AM69,MAX($AL69,IF($AJ69>0,0.5*ROUNDUP(2*((X69-MIN($W69:$AI69))/(MAX($W69:$AI69)-MIN($W69:$AI69))*($AM69-$AL69+IF(R69>10,1,0))+$AL69),0),0))),"") | AP69: =IF(Y69<>"",MIN($AM69,MAX($AL69,IF($AJ69>0,0.5*ROUNDUP(2*((Y69-MIN($W69:$AI69))/(MAX($W69:$AI69)-MIN($W69:$AI69))*($AM69-$AL69+IF(S69>10,1,0))+$AL69),0),0))),"") | AQ69: =IF(Z69<>"",MIN($AM69,MAX($AL69,IF($AJ69>0,0.5*ROUNDUP(2*((Z69-MIN($W69:$AI69))/(MAX($W69:$AI69)-MIN($W69:$AI69))*($AM69-$AL69+IF(T69>10,1,0))+$AL69),0),0))),"") | AR69: =IF(AA69<>"",MIN($AM69,MAX($AL69,IF($AJ69>0,0.5*ROUNDUP(2*((AA69-MIN($W69:$AI69))/(MAX($W69:$AI69)-MIN($W69:$AI69))*($AM69-$AL69+IF(U69>10,1,0))+$AL69),0),0))),"") | AS69: =IF(AB69<>"",MIN($AM69,MAX($AL69,IF($AJ69>0,0.5*ROUNDUP(2*((AB69-MIN($W69:$AI69))/(MAX($W69:$AI69)-MIN($W69:$AI69))*($AM69-$AL69+IF(V69>10,1,0))+$AL69),0),0))),"") | AT69: =IF(AC69<>"",MIN($AM69,MAX($AL69,IF($AJ69>0,0.5*ROUNDUP(2*((AC69-MIN($W69:$AI69))/(MAX($W69:$AI69)-MIN($W69:$AI69))*($AM69-$AL69+IF(W69>10,1,0))+$AL69),0),0))),"") | AU69: =IF(AD69<>"",MIN($AM69,MAX($AL69,IF($AJ69>0,0.5*ROUNDUP(2*((AD69-MIN($W69:$AI69))/(MAX($W69:$AI69)-MIN($W69:$AI69))*($AM69-$AL69+IF(X69>10,1,0))+$AL69),0),0))),"") | ... AZ69: =IF(AI69<>"",MIN($AM69,MAX($AL69,IF($AJ69>0,0.5*ROUNDUP(2*((AI69-MIN($W69:$AI69))/(MAX($W69:$AI69)-MIN($W69:$AI69))*($AM69-$AL69+IF(AC69>10,1,0))+$AL69),0),0))),"") | BA69: =IF(ISNUMBER(AJ69),ROUND(2*AVERAGE(AN69:AZ69),0)/2,"")
R70: =ROUNDDOWN(2*(SUMPRODUCT(C$4:P$4,C70:P70)/SUM(C$4:P$4)*20+Q70),0)/2 -> 0 | W70: =IF(COUNT(D70:Q70)>0,ROUND(2*SUM(N70:Q70)/7*20,0)/2,"") | X70: =IF(AND(X$3<>"",$W70<>""),ROUND(2*($R70*(COUNT($X$3:$AI$3)+1)-$W70)*X$3,0)/2,"") | Y70: =IF(AND(Y$3<>"",$W70<>""),ROUND(2*($R70*(COUNT($X$3:$AI$3)+1)-$W70)*Y$3,0)/2,"") | Z70: =IF(AND(Z$3<>"",$W70<>""),ROUND(2*($R70*(COUNT($X$3:$AI$3)+1)-$W70)*Z$3,0)/2,"") | AA70: =IF(AND(AA$3<>"",$W70<>""),ROUND(2*($R70*(COUNT($X$3:$AI$3)+1)-$W70)*AA$3,0)/2,"") | AB70: =IF(AND(AB$3<>"",$W70<>""),ROUND(2*($R70*(COUNT($X$3:$AI$3)+1)-$W70)*AB$3,0)/2,"") | AC70: =IF(AND(AC$3<>"",$W70<>""),ROUND(2*($R70*(COUNT($X$3:$AI$3)+1)-$W70)*AC$3,0)/2,"") | AD70: =IF(AND(AD$3<>"",$W70<>""),ROUND(2*($R70*(COUNT($X$3:$AI$3)+1)-$W70)*AD$3,0)/2,"") | AE70: =IF(AND(AE$3<>"",$W70<>""),ROUND(2*($R70*(COUNT($X$3:$AI$3)+1)-$W70)*AE$3,0)/2,"") | ... AI70: =IF(AND(AI$3<>"",$W70<>""),ROUND(2*($R70*(COUNT($X$3:$AI$3)+1)-$W70)*AI$3,0)/2,"") | AJ70: =IF(COUNT(W70:AI70)>0,ROUND(2*AVERAGE(W70:AE70),0)/2,"") | AL70: =IF(R70<10,MAX(0,2*R70-10),MAX(10,2*R70-20)) -> 0 | AM70: =2*R70-AL70 -> 0 | AN70: =IF(W70<>"",MIN($AM70,MAX($AL70,IF($AJ70>0,0.5*ROUNDUP(2*((W70-MIN($W70:$AI70))/(MAX($W70:$AI70)-MIN($W70:$AI70))*($AM70-$AL70+IF(Q70>10,1,0))+$AL70),0),0))),"") | AO70: =IF(X70<>"",MIN($AM70,MAX($AL70,IF($AJ70>0,0.5*ROUNDUP(2*((X70-MIN($W70:$AI70))/(MAX($W70:$AI70)-MIN($W70:$AI70))*($AM70-$AL70+IF(R70>10,1,0))+$AL70),0),0))),"") | AP70: =IF(Y70<>"",MIN($AM70,MAX($AL70,IF($AJ70>0,0.5*ROUNDUP(2*((Y70-MIN($W70:$AI70))/(MAX($W70:$AI70)-MIN($W70:$AI70))*($AM70-$AL70+IF(S70>10,1,0))+$AL70),0),0))),"") | AQ70: =IF(Z70<>"",MIN($AM70,MAX($AL70,IF($AJ70>0,0.5*ROUNDUP(2*((Z70-MIN($W70:$AI70))/(MAX($W70:$AI70)-MIN($W70:$AI70))*($AM70-$AL70+IF(T70>10,1,0))+$AL70),0),0))),"") | AR70: =IF(AA70<>"",MIN($AM70,MAX($AL70,IF($AJ70>0,0.5*ROUNDUP(2*((AA70-MIN($W70:$AI70))/(MAX($W70:$AI70)-MIN($W70:$AI70))*($AM70-$AL70+IF(U70>10,1,0))+$AL70),0),0))),"") | AS70: =IF(AB70<>"",MIN($AM70,MAX($AL70,IF($AJ70>0,0.5*ROUNDUP(2*((AB70-MIN($W70:$AI70))/(MAX($W70:$AI70)-MIN($W70:$AI70))*($AM70-$AL70+IF(V70>10,1,0))+$AL70),0),0))),"") | AT70: =IF(AC70<>"",MIN($AM70,MAX($AL70,IF($AJ70>0,0.5*ROUNDUP(2*((AC70-MIN($W70:$AI70))/(MAX($W70:$AI70)-MIN($W70:$AI70))*($AM70-$AL70+IF(W70>10,1,0))+$AL70),0),0))),"") | AU70: =IF(AD70<>"",MIN($AM70,MAX($AL70,IF($AJ70>0,0.5*ROUNDUP(2*((AD70-MIN($W70:$AI70))/(MAX($W70:$AI70)-MIN($W70:$AI70))*($AM70-$AL70+IF(X70>10,1,0))+$AL70),0),0))),"") | ... AZ70: =IF(AI70<>"",MIN($AM70,MAX($AL70,IF($AJ70>0,0.5*ROUNDUP(2*((AI70-MIN($W70:$AI70))/(MAX($W70:$AI70)-MIN($W70:$AI70))*($AM70-$AL70+IF(AC70>10,1,0))+$AL70),0),0))),"") | BA70: =IF(ISNUMBER(AJ70),ROUND(2*AVERAGE(AN70:AZ70),0)/2,"")
A71: 12 | R71: =ROUNDDOWN(2*(SUMPRODUCT(C$4:P$4,C71:P71)/SUM(C$4:P$4)*20+Q71),0)/2 -> 0 | W71: =IF(COUNT(D71:Q71)>0,ROUND(2*SUM(N71:Q71)/7*20,0)/2,"") | X71: =IF(AND(X$3<>"",$W71<>""),ROUND(2*($R71*(COUNT($X$3:$AI$3)+1)-$W71)*X$3,0)/2,"") | Y71: =IF(AND(Y$3<>"",$W71<>""),ROUND(2*($R71*(COUNT($X$3:$AI$3)+1)-$W71)*Y$3,0)/2,"") | Z71: =IF(AND(Z$3<>"",$W71<>""),ROUND(2*($R71*(COUNT($X$3:$AI$3)+1)-$W71)*Z$3,0)/2,"") | AA71: =IF(AND(AA$3<>"",$W71<>""),ROUND(2*($R71*(COUNT($X$3:$AI$3)+1)-$W71)*AA$3,0)/2,"") | AB71: =IF(AND(AB$3<>"",$W71<>""),ROUND(2*($R71*(COUNT($X$3:$AI$3)+1)-$W71)*AB$3,0)/2,"") | AC71: =IF(AND(AC$3<>"",$W71<>""),ROUND(2*($R71*(COUNT($X$3:$AI$3)+1)-$W71)*AC$3,0)/2,"") | AD71: =IF(AND(AD$3<>"",$W71<>""),ROUND(2*($R71*(COUNT($X$3:$AI$3)+1)-$W71)*AD$3,0)/2,"") | AE71: =IF(AND(AE$3<>"",$W71<>""),ROUND(2*($R71*(COUNT($X$3:$AI$3)+1)-$W71)*AE$3,0)/2,"") | ... AI71: =IF(AND(AI$3<>"",$W71<>""),ROUND(2*($R71*(COUNT($X$3:$AI$3)+1)-$W71)*AI$3,0)/2,"") | AJ71: =IF(COUNT(W71:AI71)>0,ROUND(2*AVERAGE(W71:AE71),0)/2,"") | AL71: =IF(R71<10,MAX(0,2*R71-10),MAX(10,2*R71-20)) -> 0 | AM71: =2*R71-AL71 -> 0 | AN71: =IF(W71<>"",MIN($AM71,MAX($AL71,IF($AJ71>0,0.5*ROUNDUP(2*((W71-MIN($W71:$AI71))/(MAX($W71:$AI71)-MIN($W71:$AI71))*($AM71-$AL71+IF(Q71>10,1,0))+$AL71),0),0))),"") | AO71: =IF(X71<>"",MIN($AM71,MAX($AL71,IF($AJ71>0,0.5*ROUNDUP(2*((X71-MIN($W71:$AI71))/(MAX($W71:$AI71)-MIN($W71:$AI71))*($AM71-$AL71+IF(R71>10,1,0))+$AL71),0),0))),"") | AP71: =IF(Y71<>"",MIN($AM71,MAX($AL71,IF($AJ71>0,0.5*ROUNDUP(2*((Y71-MIN($W71:$AI71))/(MAX($W71:$AI71)-MIN($W71:$AI71))*($AM71-$AL71+IF(S71>10,1,0))+$AL71),0),0))),"") | AQ71: =IF(Z71<>"",MIN($AM71,MAX($AL71,IF($AJ71>0,0.5*ROUNDUP(2*((Z71-MIN($W71:$AI71))/(MAX($W71:$AI71)-MIN($W71:$AI71))*($AM71-$AL71+IF(T71>10,1,0))+$AL71),0),0))),"") | AR71: =IF(AA71<>"",MIN($AM71,MAX($AL71,IF($AJ71>0,0.5*ROUNDUP(2*((AA71-MIN($W71:$AI71))/(MAX($W71:$AI71)-MIN($W71:$AI71))*($AM71-$AL71+IF(U71>10,1,0))+$AL71),0),0))),"") | AS71: =IF(AB71<>"",MIN($AM71,MAX($AL71,IF($AJ71>0,0.5*ROUNDUP(2*((AB71-MIN($W71:$AI71))/(MAX($W71:$AI71)-MIN($W71:$AI71))*($AM71-$AL71+IF(V71>10,1,0))+$AL71),0),0))),"") | AT71: =IF(AC71<>"",MIN($AM71,MAX($AL71,IF($AJ71>0,0.5*ROUNDUP(2*((AC71-MIN($W71:$AI71))/(MAX($W71:$AI71)-MIN($W71:$AI71))*($AM71-$AL71+IF(W71>10,1,0))+$AL71),0),0))),"") | AU71: =IF(AD71<>"",MIN($AM71,MAX($AL71,IF($AJ71>0,0.5*ROUNDUP(2*((AD71-MIN($W71:$AI71))/(MAX($W71:$AI71)-MIN($W71:$AI71))*($AM71-$AL71+IF(X71>10,1,0))+$AL71),0),0))),"") | ... AZ71: =IF(AI71<>"",MIN($AM71,MAX($AL71,IF($AJ71>0,0.5*ROUNDUP(2*((AI71-MIN($W71:$AI71))/(MAX($W71:$AI71)-MIN($W71:$AI71))*($AM71-$AL71+IF(AC71>10,1,0))+$AL71),0),0))),"") | BA71: =IF(ISNUMBER(AJ71),ROUND(2*AVERAGE(AN71:AZ71),0)/2,"")
R72: =ROUNDDOWN(2*(SUMPRODUCT(C$4:P$4,C72:P72)/SUM(C$4:P$4)*20+Q72),0)/2 -> 0 | W72: =IF(COUNT(D72:Q72)>0,ROUND(2*SUM(N72:Q72)/7*20,0)/2,"") | X72: =IF(AND(X$3<>"",$W72<>""),ROUND(2*($R72*(COUNT($X$3:$AI$3)+1)-$W72)*X$3,0)/2,"") | Y72: =IF(AND(Y$3<>"",$W72<>""),ROUND(2*($R72*(COUNT($X$3:$AI$3)+1)-$W72)*Y$3,0)/2,"") | Z72: =IF(AND(Z$3<>"",$W72<>""),ROUND(2*($R72*(COUNT($X$3:$AI$3)+1)-$W72)*Z$3,0)/2,"") | AA72: =IF(AND(AA$3<>"",$W72<>""),ROUND(2*($R72*(COUNT($X$3:$AI$3)+1)-$W72)*AA$3,0)/2,"") | AB72: =IF(AND(AB$3<>"",$W72<>""),ROUND(2*($R72*(COUNT($X$3:$AI$3)+1)-$W72)*AB$3,0)/2,"") | AC72: =IF(AND(AC$3<>"",$W72<>""),ROUND(2*($R72*(COUNT($X$3:$AI$3)+1)-$W72)*AC$3,0)/2,"") | AD72: =IF(AND(AD$3<>"",$W72<>""),ROUND(2*($R72*(COUNT($X$3:$AI$3)+1)-$W72)*AD$3,0)/2,"") | AE72: =IF(AND(AE$3<>"",$W72<>""),ROUND(2*($R72*(COUNT($X$3:$AI$3)+1)-$W72)*AE$3,0)/2,"") | ... AI72: =IF(AND(AI$3<>"",$W72<>""),ROUND(2*($R72*(COUNT($X$3:$AI$3)+1)-$W72)*AI$3,0)/2,"") | AJ72: =IF(COUNT(W72:AI72)>0,ROUND(2*AVERAGE(W72:AE72),0)/2,"") | AL72: =IF(R72<10,MAX(0,2*R72-10),MAX(10,2*R72-20)) -> 0 | AM72: =2*R72-AL72 -> 0 | AN72: =IF(W72<>"",MIN($AM72,MAX($AL72,IF($AJ72>0,0.5*ROUNDUP(2*((W72-MIN($W72:$AI72))/(MAX($W72:$AI72)-MIN($W72:$AI72))*($AM72-$AL72+IF(Q72>10,1,0))+$AL72),0),0))),"") | AO72: =IF(X72<>"",MIN($AM72,MAX($AL72,IF($AJ72>0,0.5*ROUNDUP(2*((X72-MIN($W72:$AI72))/(MAX($W72:$AI72)-MIN($W72:$AI72))*($AM72-$AL72+IF(R72>10,1,0))+$AL72),0),0))),"") | AP72: =IF(Y72<>"",MIN($AM72,MAX($AL72,IF($AJ72>0,0.5*ROUNDUP(2*((Y72-MIN($W72:$AI72))/(MAX($W72:$AI72)-MIN($W72:$AI72))*($AM72-$AL72+IF(S72>10,1,0))+$AL72),0),0))),"") | AQ72: =IF(Z72<>"",MIN($AM72,MAX($AL72,IF($AJ72>0,0.5*ROUNDUP(2*((Z72-MIN($W72:$AI72))/(MAX($W72:$AI72)-MIN($W72:$AI72))*($AM72-$AL72+IF(T72>10,1,0))+$AL72),0),0))),"") | AR72: =IF(AA72<>"",MIN($AM72,MAX($AL72,IF($AJ72>0,0.5*ROUNDUP(2*((AA72-MIN($W72:$AI72))/(MAX($W72:$AI72)-MIN($W72:$AI72))*($AM72-$AL72+IF(U72>10,1,0))+$AL72),0),0))),"") | AS72: =IF(AB72<>"",MIN($AM72,MAX($AL72,IF($AJ72>0,0.5*ROUNDUP(2*((AB72-MIN($W72:$AI72))/(MAX($W72:$AI72)-MIN($W72:$AI72))*($AM72-$AL72+IF(V72>10,1,0))+$AL72),0),0))),"") | AT72: =IF(AC72<>"",MIN($AM72,MAX($AL72,IF($AJ72>0,0.5*ROUNDUP(2*((AC72-MIN($W72:$AI72))/(MAX($W72:$AI72)-MIN($W72:$AI72))*($AM72-$AL72+IF(W72>10,1,0))+$AL72),0),0))),"") | AU72: =IF(AD72<>"",MIN($AM72,MAX($AL72,IF($AJ72>0,0.5*ROUNDUP(2*((AD72-MIN($W72:$AI72))/(MAX($W72:$AI72)-MIN($W72:$AI72))*($AM72-$AL72+IF(X72>10,1,0))+$AL72),0),0))),"") | ... AZ72: =IF(AI72<>"",MIN($AM72,MAX($AL72,IF($AJ72>0,0.5*ROUNDUP(2*((AI72-MIN($W72:$AI72))/(MAX($W72:$AI72)-MIN($W72:$AI72))*($AM72-$AL72+IF(AC72>10,1,0))+$AL72),0),0))),"") | BA72: =IF(ISNUMBER(AJ72),ROUND(2*AVERAGE(AN72:AZ72),0)/2,"")
R73: =ROUNDDOWN(2*(SUMPRODUCT(C$4:P$4,C73:P73)/SUM(C$4:P$4)*20+Q73),0)/2 -> 0 | W73: =IF(COUNT(D73:Q73)>0,ROUND(2*SUM(N73:Q73)/7*20,0)/2,"") | X73: =IF(AND(X$3<>"",$W73<>""),ROUND(2*($R73*(COUNT($X$3:$AI$3)+1)-$W73)*X$3,0)/2,"") | Y73: =IF(AND(Y$3<>"",$W73<>""),ROUND(2*($R73*(COUNT($X$3:$AI$3)+1)-$W73)*Y$3,0)/2,"") | Z73: =IF(AND(Z$3<>"",$W73<>""),ROUND(2*($R73*(COUNT($X$3:$AI$3)+1)-$W73)*Z$3,0)/2,"") | AA73: =IF(AND(AA$3<>"",$W73<>""),ROUND(2*($R73*(COUNT($X$3:$AI$3)+1)-$W73)*AA$3,0)/2,"") | AB73: =IF(AND(AB$3<>"",$W73<>""),ROUND(2*($R73*(COUNT($X$3:$AI$3)+1)-$W73)*AB$3,0)/2,"") | AC73: =IF(AND(AC$3<>"",$W73<>""),ROUND(2*($R73*(COUNT($X$3:$AI$3)+1)-$W73)*AC$3,0)/2,"") | AD73: =IF(AND(AD$3<>"",$W73<>""),ROUND(2*($R73*(COUNT($X$3:$AI$3)+1)-$W73)*AD$3,0)/2,"") | AE73: =IF(AND(AE$3<>"",$W73<>""),ROUND(2*($R73*(COUNT($X$3:$AI$3)+1)-$W73)*AE$3,0)/2,"") | ... AI73: =IF(AND(AI$3<>"",$W73<>""),ROUND(2*($R73*(COUNT($X$3:$AI$3)+1)-$W73)*AI$3,0)/2,"") | AJ73: =IF(COUNT(W73:AI73)>0,ROUND(2*AVERAGE(W73:AE73),0)/2,"") | AL73: =IF(R73<10,MAX(0,2*R73-10),MAX(10,2*R73-20)) -> 0 | AM73: =2*R73-AL73 -> 0 | AN73: =IF(W73<>"",MIN($AM73,MAX($AL73,IF($AJ73>0,0.5*ROUNDUP(2*((W73-MIN($W73:$AI73))/(MAX($W73:$AI73)-MIN($W73:$AI73))*($AM73-$AL73+IF(Q73>10,1,0))+$AL73),0),0))),"") | AO73: =IF(X73<>"",MIN($AM73,MAX($AL73,IF($AJ73>0,0.5*ROUNDUP(2*((X73-MIN($W73:$AI73))/(MAX($W73:$AI73)-MIN($W73:$AI73))*($AM73-$AL73+IF(R73>10,1,0))+$AL73),0),0))),"") | AP73: =IF(Y73<>"",MIN($AM73,MAX($AL73,IF($AJ73>0,0.5*ROUNDUP(2*((Y73-MIN($W73:$AI73))/(MAX($W73:$AI73)-MIN($W73:$AI73))*($AM73-$AL73+IF(S73>10,1,0))+$AL73),0),0))),"") | AQ73: =IF(Z73<>"",MIN($AM73,MAX($AL73,IF($AJ73>0,0.5*ROUNDUP(2*((Z73-MIN($W73:$AI73))/(MAX($W73:$AI73)-MIN($W73:$AI73))*($AM73-$AL73+IF(T73>10,1,0))+$AL73),0),0))),"") | AR73: =IF(AA73<>"",MIN($AM73,MAX($AL73,IF($AJ73>0,0.5*ROUNDUP(2*((AA73-MIN($W73:$AI73))/(MAX($W73:$AI73)-MIN($W73:$AI73))*($AM73-$AL73+IF(U73>10,1,0))+$AL73),0),0))),"") | AS73: =IF(AB73<>"",MIN($AM73,MAX($AL73,IF($AJ73>0,0.5*ROUNDUP(2*((AB73-MIN($W73:$AI73))/(MAX($W73:$AI73)-MIN($W73:$AI73))*($AM73-$AL73+IF(V73>10,1,0))+$AL73),0),0))),"") | AT73: =IF(AC73<>"",MIN($AM73,MAX($AL73,IF($AJ73>0,0.5*ROUNDUP(2*((AC73-MIN($W73:$AI73))/(MAX($W73:$AI73)-MIN($W73:$AI73))*($AM73-$AL73+IF(W73>10,1,0))+$AL73),0),0))),"") | AU73: =IF(AD73<>"",MIN($AM73,MAX($AL73,IF($AJ73>0,0.5*ROUNDUP(2*((AD73-MIN($W73:$AI73))/(MAX($W73:$AI73)-MIN($W73:$AI73))*($AM73-$AL73+IF(X73>10,1,0))+$AL73),0),0))),"") | ... AZ73: =IF(AI73<>"",MIN($AM73,MAX($AL73,IF($AJ73>0,0.5*ROUNDUP(2*((AI73-MIN($W73:$AI73))/(MAX($W73:$AI73)-MIN($W73:$AI73))*($AM73-$AL73+IF(AC73>10,1,0))+$AL73),0),0))),"") | BA73: =IF(ISNUMBER(AJ73),ROUND(2*AVERAGE(AN73:AZ73),0)/2,"")
R74: =ROUNDDOWN(2*(SUMPRODUCT(C$4:P$4,C74:P74)/SUM(C$4:P$4)*20+Q74),0)/2 -> 0 | W74: =IF(COUNT(D74:Q74)>0,ROUND(2*SUM(N74:Q74)/7*20,0)/2,"") | X74: =IF(AND(X$3<>"",$W74<>""),ROUND(2*($R74*(COUNT($X$3:$AI$3)+1)-$W74)*X$3,0)/2,"") | Y74: =IF(AND(Y$3<>"",$W74<>""),ROUND(2*($R74*(COUNT($X$3:$AI$3)+1)-$W74)*Y$3,0)/2,"") | Z74: =IF(AND(Z$3<>"",$W74<>""),ROUND(2*($R74*(COUNT($X$3:$AI$3)+1)-$W74)*Z$3,0)/2,"") | AA74: =IF(AND(AA$3<>"",$W74<>""),ROUND(2*($R74*(COUNT($X$3:$AI$3)+1)-$W74)*AA$3,0)/2,"") | AB74: =IF(AND(AB$3<>"",$W74<>""),ROUND(2*($R74*(COUNT($X$3:$AI$3)+1)-$W74)*AB$3,0)/2,"") | AC74: =IF(AND(AC$3<>"",$W74<>""),ROUND(2*($R74*(COUNT($X$3:$AI$3)+1)-$W74)*AC$3,0)/2,"") | AD74: =IF(AND(AD$3<>"",$W74<>""),ROUND(2*($R74*(COUNT($X$3:$AI$3)+1)-$W74)*AD$3,0)/2,"") | AE74: =IF(AND(AE$3<>"",$W74<>""),ROUND(2*($R74*(COUNT($X$3:$AI$3)+1)-$W74)*AE$3,0)/2,"") | ... AI74: =IF(AND(AI$3<>"",$W74<>""),ROUND(2*($R74*(COUNT($X$3:$AI$3)+1)-$W74)*AI$3,0)/2,"") | AJ74: =IF(COUNT(W74:AI74)>0,ROUND(2*AVERAGE(W74:AE74),0)/2,"") | AL74: =IF(R74<10,MAX(0,2*R74-10),MAX(10,2*R74-20)) -> 0 | AM74: =2*R74-AL74 -> 0 | AN74: =IF(W74<>"",MIN($AM74,MAX($AL74,IF($AJ74>0,0.5*ROUNDUP(2*((W74-MIN($W74:$AI74))/(MAX($W74:$AI74)-MIN($W74:$AI74))*($AM74-$AL74+IF(Q74>10,1,0))+$AL74),0),0))),"") | AO74: =IF(X74<>"",MIN($AM74,MAX($AL74,IF($AJ74>0,0.5*ROUNDUP(2*((X74-MIN($W74:$AI74))/(MAX($W74:$AI74)-MIN($W74:$AI74))*($AM74-$AL74+IF(R74>10,1,0))+$AL74),0),0))),"") | AP74: =IF(Y74<>"",MIN($AM74,MAX($AL74,IF($AJ74>0,0.5*ROUNDUP(2*((Y74-MIN($W74:$AI74))/(MAX($W74:$AI74)-MIN($W74:$AI74))*($AM74-$AL74+IF(S74>10,1,0))+$AL74),0),0))),"") | AQ74: =IF(Z74<>"",MIN($AM74,MAX($AL74,IF($AJ74>0,0.5*ROUNDUP(2*((Z74-MIN($W74:$AI74))/(MAX($W74:$AI74)-MIN($W74:$AI74))*($AM74-$AL74+IF(T74>10,1,0))+$AL74),0),0))),"") | AR74: =IF(AA74<>"",MIN($AM74,MAX($AL74,IF($AJ74>0,0.5*ROUNDUP(2*((AA74-MIN($W74:$AI74))/(MAX($W74:$AI74)-MIN($W74:$AI74))*($AM74-$AL74+IF(U74>10,1,0))+$AL74),0),0))),"") | AS74: =IF(AB74<>"",MIN($AM74,MAX($AL74,IF($AJ74>0,0.5*ROUNDUP(2*((AB74-MIN($W74:$AI74))/(MAX($W74:$AI74)-MIN($W74:$AI74))*($AM74-$AL74+IF(V74>10,1,0))+$AL74),0),0))),"") | AT74: =IF(AC74<>"",MIN($AM74,MAX($AL74,IF($AJ74>0,0.5*ROUNDUP(2*((AC74-MIN($W74:$AI74))/(MAX($W74:$AI74)-MIN($W74:$AI74))*($AM74-$AL74+IF(W74>10,1,0))+$AL74),0),0))),"") | AU74: =IF(AD74<>"",MIN($AM74,MAX($AL74,IF($AJ74>0,0.5*ROUNDUP(2*((AD74-MIN($W74:$AI74))/(MAX($W74:$AI74)-MIN($W74:$AI74))*($AM74-$AL74+IF(X74>10,1,0))+$AL74),0),0))),"") | ... AZ74: =IF(AI74<>"",MIN($AM74,MAX($AL74,IF($AJ74>0,0.5*ROUNDUP(2*((AI74-MIN($W74:$AI74))/(MAX($W74:$AI74)-MIN($W74:$AI74))*($AM74-$AL74+IF(AC74>10,1,0))+$AL74),0),0))),"") | BA74: =IF(ISNUMBER(AJ74),ROUND(2*AVERAGE(AN74:AZ74),0)/2,"")
R75: =ROUNDDOWN(2*(SUMPRODUCT(C$4:P$4,C75:P75)/SUM(C$4:P$4)*20+Q75),0)/2 -> 0 | W75: =IF(COUNT(D75:Q75)>0,ROUND(2*SUM(N75:Q75)/7*20,0)/2,"") | X75: =IF(AND(X$3<>"",$W75<>""),ROUND(2*($R75*(COUNT($X$3:$AI$3)+1)-$W75)*X$3,0)/2,"") | Y75: =IF(AND(Y$3<>"",$W75<>""),ROUND(2*($R75*(COUNT($X$3:$AI$3)+1)-$W75)*Y$3,0)/2,"") | Z75: =IF(AND(Z$3<>"",$W75<>""),ROUND(2*($R75*(COUNT($X$3:$AI$3)+1)-$W75)*Z$3,0)/2,"") | AA75: =IF(AND(AA$3<>"",$W75<>""),ROUND(2*($R75*(COUNT($X$3:$AI$3)+1)-$W75)*AA$3,0)/2,"") | AB75: =IF(AND(AB$3<>"",$W75<>""),ROUND(2*($R75*(COUNT($X$3:$AI$3)+1)-$W75)*AB$3,0)/2,"") | AC75: =IF(AND(AC$3<>"",$W75<>""),ROUND(2*($R75*(COUNT($X$3:$AI$3)+1)-$W75)*AC$3,0)/2,"") | AD75: =IF(AND(AD$3<>"",$W75<>""),ROUND(2*($R75*(COUNT($X$3:$AI$3)+1)-$W75)*AD$3,0)/2,"") | AE75: =IF(AND(AE$3<>"",$W75<>""),ROUND(2*($R75*(COUNT($X$3:$AI$3)+1)-$W75)*AE$3,0)/2,"") | ... AI75: =IF(AND(AI$3<>"",$W75<>""),ROUND(2*($R75*(COUNT($X$3:$AI$3)+1)-$W75)*AI$3,0)/2,"") | AJ75: =IF(COUNT(W75:AI75)>0,ROUND(2*AVERAGE(W75:AE75),0)/2,"") | AL75: =IF(R75<10,MAX(0,2*R75-10),MAX(10,2*R75-20)) -> 0 | AM75: =2*R75-AL75 -> 0 | AN75: =IF(W75<>"",MIN($AM75,MAX($AL75,IF($AJ75>0,0.5*ROUNDUP(2*((W75-MIN($W75:$AI75))/(MAX($W75:$AI75)-MIN($W75:$AI75))*($AM75-$AL75+IF(Q75>10,1,0))+$AL75),0),0))),"") | AO75: =IF(X75<>"",MIN($AM75,MAX($AL75,IF($AJ75>0,0.5*ROUNDUP(2*((X75-MIN($W75:$AI75))/(MAX($W75:$AI75)-MIN($W75:$AI75))*($AM75-$AL75+IF(R75>10,1,0))+$AL75),0),0))),"") | AP75: =IF(Y75<>"",MIN($AM75,MAX($AL75,IF($AJ75>0,0.5*ROUNDUP(2*((Y75-MIN($W75:$AI75))/(MAX($W75:$AI75)-MIN($W75:$AI75))*($AM75-$AL75+IF(S75>10,1,0))+$AL75),0),0))),"") | AQ75: =IF(Z75<>"",MIN($AM75,MAX($AL75,IF($AJ75>0,0.5*ROUNDUP(2*((Z75-MIN($W75:$AI75))/(MAX($W75:$AI75)-MIN($W75:$AI75))*($AM75-$AL75+IF(T75>10,1,0))+$AL75),0),0))),"") | AR75: =IF(AA75<>"",MIN($AM75,MAX($AL75,IF($AJ75>0,0.5*ROUNDUP(2*((AA75-MIN($W75:$AI75))/(MAX($W75:$AI75)-MIN($W75:$AI75))*($AM75-$AL75+IF(U75>10,1,0))+$AL75),0),0))),"") | AS75: =IF(AB75<>"",MIN($AM75,MAX($AL75,IF($AJ75>0,0.5*ROUNDUP(2*((AB75-MIN($W75:$AI75))/(MAX($W75:$AI75)-MIN($W75:$AI75))*($AM75-$AL75+IF(V75>10,1,0))+$AL75),0),0))),"") | AT75: =IF(AC75<>"",MIN($AM75,MAX($AL75,IF($AJ75>0,0.5*ROUNDUP(2*((AC75-MIN($W75:$AI75))/(MAX($W75:$AI75)-MIN($W75:$AI75))*($AM75-$AL75+IF(W75>10,1,0))+$AL75),0),0))),"") | AU75: =IF(AD75<>"",MIN($AM75,MAX($AL75,IF($AJ75>0,0.5*ROUNDUP(2*((AD75-MIN($W75:$AI75))/(MAX($W75:$AI75)-MIN($W75:$AI75))*($AM75-$AL75+IF(X75>10,1,0))+$AL75),0),0))),"") | ... AZ75: =IF(AI75<>"",MIN($AM75,MAX($AL75,IF($AJ75>0,0.5*ROUNDUP(2*((AI75-MIN($W75:$AI75))/(MAX($W75:$AI75)-MIN($W75:$AI75))*($AM75-$AL75+IF(AC75>10,1,0))+$AL75),0),0))),"") | BA75: =IF(ISNUMBER(AJ75),ROUND(2*AVERAGE(AN75:AZ75),0)/2,"")
R76: =ROUNDDOWN(2*(SUMPRODUCT(C$4:P$4,C76:P76)/SUM(C$4:P$4)*20+Q76),0)/2 -> 0 | W76: =IF(COUNT(D76:Q76)>0,ROUND(2*SUM(N76:Q76)/7*20,0)/2,"") | X76: =IF(AND(X$3<>"",$W76<>""),ROUND(2*($R76*(COUNT($X$3:$AI$3)+1)-$W76)*X$3,0)/2,"") | Y76: =IF(AND(Y$3<>"",$W76<>""),ROUND(2*($R76*(COUNT($X$3:$AI$3)+1)-$W76)*Y$3,0)/2,"") | Z76: =IF(AND(Z$3<>"",$W76<>""),ROUND(2*($R76*(COUNT($X$3:$AI$3)+1)-$W76)*Z$3,0)/2,"") | AA76: =IF(AND(AA$3<>"",$W76<>""),ROUND(2*($R76*(COUNT($X$3:$AI$3)+1)-$W76)*AA$3,0)/2,"") | AB76: =IF(AND(AB$3<>"",$W76<>""),ROUND(2*($R76*(COUNT($X$3:$AI$3)+1)-$W76)*AB$3,0)/2,"") | AC76: =IF(AND(AC$3<>"",$W76<>""),ROUND(2*($R76*(COUNT($X$3:$AI$3)+1)-$W76)*AC$3,0)/2,"") | AD76: =IF(AND(AD$3<>"",$W76<>""),ROUND(2*($R76*(COUNT($X$3:$AI$3)+1)-$W76)*AD$3,0)/2,"") | AE76: =IF(AND(AE$3<>"",$W76<>""),ROUND(2*($R76*(COUNT($X$3:$AI$3)+1)-$W76)*AE$3,0)/2,"") | ... AI76: =IF(AND(AI$3<>"",$W76<>""),ROUND(2*($R76*(COUNT($X$3:$AI$3)+1)-$W76)*AI$3,0)/2,"") | AJ76: =IF(COUNT(W76:AI76)>0,ROUND(2*AVERAGE(W76:AE76),0)/2,"") | AL76: =IF(R76<10,MAX(0,2*R76-10),MAX(10,2*R76-20)) -> 0 | AM76: =2*R76-AL76 -> 0 | AN76: =IF(W76<>"",MIN($AM76,MAX($AL76,IF($AJ76>0,0.5*ROUNDUP(2*((W76-MIN($W76:$AI76))/(MAX($W76:$AI76)-MIN($W76:$AI76))*($AM76-$AL76+IF(Q76>10,1,0))+$AL76),0),0))),"") | AO76: =IF(X76<>"",MIN($AM76,MAX($AL76,IF($AJ76>0,0.5*ROUNDUP(2*((X76-MIN($W76:$AI76))/(MAX($W76:$AI76)-MIN($W76:$AI76))*($AM76-$AL76+IF(R76>10,1,0))+$AL76),0),0))),"") | AP76: =IF(Y76<>"",MIN($AM76,MAX($AL76,IF($AJ76>0,0.5*ROUNDUP(2*((Y76-MIN($W76:$AI76))/(MAX($W76:$AI76)-MIN($W76:$AI76))*($AM76-$AL76+IF(S76>10,1,0))+$AL76),0),0))),"") | AQ76: =IF(Z76<>"",MIN($AM76,MAX($AL76,IF($AJ76>0,0.5*ROUNDUP(2*((Z76-MIN($W76:$AI76))/(MAX($W76:$AI76)-MIN($W76:$AI76))*($AM76-$AL76+IF(T76>10,1,0))+$AL76),0),0))),"") | AR76: =IF(AA76<>"",MIN($AM76,MAX($AL76,IF($AJ76>0,0.5*ROUNDUP(2*((AA76-MIN($W76:$AI76))/(MAX($W76:$AI76)-MIN($W76:$AI76))*($AM76-$AL76+IF(U76>10,1,0))+$AL76),0),0))),"") | AS76: =IF(AB76<>"",MIN($AM76,MAX($AL76,IF($AJ76>0,0.5*ROUNDUP(2*((AB76-MIN($W76:$AI76))/(MAX($W76:$AI76)-MIN($W76:$AI76))*($AM76-$AL76+IF(V76>10,1,0))+$AL76),0),0))),"") | AT76: =IF(AC76<>"",MIN($AM76,MAX($AL76,IF($AJ76>0,0.5*ROUNDUP(2*((AC76-MIN($W76:$AI76))/(MAX($W76:$AI76)-MIN($W76:$AI76))*($AM76-$AL76+IF(W76>10,1,0))+$AL76),0),0))),"") | AU76: =IF(AD76<>"",MIN($AM76,MAX($AL76,IF($AJ76>0,0.5*ROUNDUP(2*((AD76-MIN($W76:$AI76))/(MAX($W76:$AI76)-MIN($W76:$AI76))*($AM76-$AL76+IF(X76>10,1,0))+$AL76),0),0))),"") | ... AZ76: =IF(AI76<>"",MIN($AM76,MAX($AL76,IF($AJ76>0,0.5*ROUNDUP(2*((AI76-MIN($W76:$AI76))/(MAX($W76:$AI76)-MIN($W76:$AI76))*($AM76-$AL76+IF(AC76>10,1,0))+$AL76),0),0))),"") | BA76: =IF(ISNUMBER(AJ76),ROUND(2*AVERAGE(AN76:AZ76),0)/2,"")
